{"type":"FeatureCollection","features":[{"type":"Feature","properties":{"adm2_pcode":"PH01028","adm2_name":"Ilocos Norte","kind":"province","psgc":"PH01028"},"geometry":{"type":"Polygon","coordinates":[[[120.97143995199997,18.579972885000018],[120.948363266,18.381693429999984],[120.91666636100001,18.28456025600002],[120.97006946800002,18.181863920000012],[120.92814130399995,18.08819338500001],[120.94522217500003,17.990138340999977],[120.90997355399998,17.949925269999994],[120.833694659,17.959454283000014],[120.78375228200002,17.911236470999995],[120.72824914700004,17.892507978000026],[120.69086868800002,17.834579641999994],[120.57182232499997,17.78603336499998],[120.528121091,17.87852445599998],[120.42925503000004,17.915786174999994],[120.49674073599999,17.993431476000012],[120.470660587,18.086746029999972],[120.51223627900004,18.135350545999984],[120.52351140500002,18.20480368699998],[120.59634586200002,18.329598022000027],[120.59490977799999,18.411319117000005],[120.56398582600002,18.492737007000017],[120.62477444599995,18.545790984000007],[120.703174676,18.529139284999985],[120.76150944400001,18.53956400499999],[120.78760183899999,18.569706946999986],[120.78296965000004,18.621965112999987],[120.84274678899999,18.65097172200001],[120.90984432000005,18.56421742499998],[120.95546249799997,18.559624401999997],[120.97143995199997,18.579972885000018]]]}},{"type":"Feature","properties":{"adm2_pcode":"PH01029","adm2_name":"Ilocos Sur","kind":"province","psgc":"PH01029"},"geometry":{"type":"MultiPolygon","coordinates":[[[[120.57182232499997,17.78603336499998],[120.49781832400004,17.625130265999985],[120.46820501299999,17.493984281999985],[120.58889100399995,17.492162257000018],[120.53781363799999,17.356986043999996],[120.55901109000001,17.31166895199999],[120.61194929199996,17.302219217000015],[120.67840099499995,17.256838868999978],[120.67213393400004,17.192852723999977],[120.69162575799999,17.17272991599998],[120.751333295,17.155256324999982],[120.80474638400005,17.171269784999993],[120.81235520500002,17.155871674000025],[120.77482395200002,17.108020993000025],[120.76761284700001,17.066790583],[120.78527385300004,16.921335006999982],[120.660077764,16.908990163999988],[120.61018355700003,16.840016965000018],[120.58601613200005,16.836661373000027],[120.59903624900005,16.738317934999998],[120.56506488399998,16.669766381999978],[120.53343938800003,16.716842851000024],[120.55132404699998,16.749482365000006],[120.54433280399996,16.79358603700001],[120.52228628,16.798775820999992],[120.53520039299997,16.816054984999994],[120.50699854499999,16.84321083100002],[120.51607053600003,16.917072797000003],[120.43263701000001,16.900142442000003],[120.41079750899996,16.92090491900001],[120.444812522,16.97401093100001],[120.45007513400003,17.023881662000008],[120.40443529900006,17.212523906],[120.43494404800003,17.284474803000023],[120.42739720099996,17.336503688999983],[120.45340199400005,17.355678958],[120.46127535699998,17.40782160399999],[120.43205139999998,17.45018580300001],[120.43569769800001,17.479819454999983],[120.42399672199997,17.507024451000007],[120.42106179799998,17.508898359],[120.41593470500004,17.508121582],[120.41855334399997,17.515684265000004],[120.39269960700005,17.511444709999978],[120.34394896000003,17.568157867000025],[120.37114891700003,17.671913227000005],[120.353352062,17.688754399000004],[120.37639286499996,17.683783445000017],[120.43616815300004,17.733837804000018],[120.40718263300005,17.75855061300001],[120.42610970600003,17.77437637600002],[120.40608620199998,17.780915559999983],[120.40243276000001,17.797548097999993],[120.45750133700005,17.825215222999987],[120.44346868399998,17.903650820999985],[120.528121091,17.87852445599998],[120.57182232499997,17.78603336499998]]],[[[120.39413305100004,17.505642039999998],[120.40726720600003,17.512306066000008],[120.41438332300004,17.511789271999987],[120.41051865899999,17.508062877999976],[120.39413305100004,17.505642039999998]]],[[[120.42276585499997,17.507479245000013],[120.398617049,17.49057005399999],[120.387650528,17.50141007000002],[120.42276585499997,17.507479245000013]]]]}},{"type":"Feature","properties":{"adm2_pcode":"PH01033","adm2_name":"La Union","kind":"province","psgc":"PH01033"},"geometry":{"type":"Polygon","coordinates":[[[120.56506488399998,16.669766381999978],[120.51785667800004,16.594691727999987],[120.51263136199998,16.55025784899999],[120.47820838999996,16.529996215999972],[120.46996988700005,16.424879315999988],[120.44463726499998,16.38697640999999],[120.49643376200004,16.345058325000025],[120.51669938400005,16.249475371000017],[120.50762960600002,16.209563883999976],[120.427013558,16.20130000299997],[120.39882121000005,16.252678259999982],[120.36425113799999,16.272875926999973],[120.38313012000003,16.240300319000028],[120.37513305499999,16.239578845999972],[120.34229375400002,16.29660003700002],[120.343848804,16.345180500000026],[120.32027114300001,16.384072170000024],[120.32983185499995,16.469567128999984],[120.30402566600003,16.501217184999973],[120.31976034800005,16.57530490099998],[120.27787548399999,16.61846664000001],[120.310487169,16.614997076999998],[120.307625498,16.64427078],[120.336273947,16.679317012000013],[120.33496356199998,16.836049081],[120.39903687399999,16.88077188599999],[120.41079750899996,16.92090491900001],[120.43263701000001,16.900142442000003],[120.51607053600003,16.917072797000003],[120.50699854499999,16.84321083100002],[120.53520039299997,16.816054984999994],[120.52228628,16.798775820999992],[120.54433280399996,16.79358603700001],[120.55132404699998,16.749482365000006],[120.53343938800003,16.716842851000024],[120.56506488399998,16.669766381999978]]]}},{"type":"Feature","properties":{"adm2_pcode":"PH01055","adm2_name":"Pangasinan","kind":"province","psgc":"PH01055"},"geometry":{"type":"MultiPolygon","coordinates":[[[[120.41726211800005,16.204736093000008],[120.50667950299999,16.206713225999977],[120.52020294500005,16.23344136100002],[120.62923698700001,16.180376652000007],[120.76891381099995,16.19805042500002],[120.84150888600004,16.168612326000016],[120.920529407,15.96631821599999],[120.81905751900001,15.793215701000008],[120.74735183200005,15.851278652000019],[120.61506366399999,15.815561237999987],[120.59009430399999,15.862431135000008],[120.55103785799997,15.763746917999981],[120.46759425200003,15.722242865999988],[120.42768256700003,15.753784435],[120.37859424500004,15.748305588999983],[120.31499980299998,15.647848239999973],[120.27051507800002,15.642465054000013],[120.25285678299997,15.617769570999997],[120.15955697300001,15.769265243000007],[120.14561601699995,15.82553132999999],[120.076468772,15.832614755999998],[120.03641615200002,15.874149902],[120.01789980599995,15.870560757000021],[119.981964544,15.80755975400001],[119.88302096899997,15.813203950000002],[119.91397652199998,15.839543092999975],[119.86476638700003,15.955677384000012],[119.82150189499998,15.96060474799998],[119.81081048299995,15.953714895000019],[119.80483840600004,15.922158266999986],[119.78416035500004,15.931628149999995],[119.77154873300003,15.915850809000005],[119.74987632299997,15.963987525999983],[119.77457381600004,16.023598806999985],[119.75576545399997,16.05016202799999],[119.78130705000001,16.132976962999976],[119.75334898699998,16.17034497399999],[119.78358799499995,16.238927806999982],[119.77912552700002,16.308326781000005],[119.81574101800004,16.359248879999996],[119.85570484200002,16.356797914000026],[119.88166723100005,16.393469969000023],[119.91002829700005,16.378431517000024],[119.92501861200003,16.38358479300001],[119.93000486300002,16.366913117000024],[119.91327056199998,16.299685033000003],[119.91841485299994,16.24784734399998],[119.95706762600003,16.220377344999974],[119.97705281200001,16.228443819000006],[119.97104903399998,16.21114319100002],[120.01152278899997,16.170461604000025],[120.02190488400004,16.168714772999977],[120.02948314599996,16.191763434999984],[120.04033304200004,16.18855697700002],[120.04190669499997,16.190397494000024],[120.04094777199998,16.191823735000014],[120.04340668199995,16.194559391999974],[120.04351906199997,16.188993943000014],[120.04242930800001,16.18965839399999],[120.04199238399997,16.18827932800002],[120.03901982100001,16.187389349],[120.03522854799996,16.18455868799998],[120.03507548899995,16.18395209800002],[120.08797611499995,16.168018845999995],[120.11090133799996,16.145505433999972],[120.08640994200005,16.146411247999993],[120.10529618500004,16.124861759999987],[120.088491159,16.116421559999992],[120.09346352499995,16.095128902],[120.11416771999995,16.078888627000026],[120.09710051100001,16.065202055999976],[120.14214665700001,16.03806702999998],[120.23048865600003,16.037171510000007],[120.33036472599997,16.062458429999992],[120.41985248000003,16.15658689700001],[120.41726211800005,16.204736093000008]]],[[[119.912167651,16.393427350000024],[119.91342040200004,16.422065998999983],[119.93573330599997,16.427300120999973],[119.96252866199995,16.403538207999986],[119.96409883499996,16.371237027999996],[119.912167651,16.393427350000024]]],[[[119.94685318100005,16.36232329699999],[119.96330495500001,16.36157195300001],[119.94728114400004,16.350733202000015],[119.94685318100005,16.36232329699999]]],[[[119.98968519799996,16.350102117999995],[120.022840191,16.313182665],[119.99805004400002,16.277672290999988],[120.018155407,16.241199112999993],[119.99636804,16.218852614000014],[119.94911227900002,16.284594975000005],[119.917456023,16.298661159999995],[119.98968519799996,16.350102117999995]]],[[[120.11016338699994,16.108906664000017],[120.12376598900005,16.11846909100001],[120.12518588499995,16.11070732799999],[120.11016338699994,16.108906664000017]]]]}},{"type":"Feature","properties":{"adm2_pcode":"PH02015","adm2_name":"Cagayan","kind":"province","psgc":"PH02015"},"geometry":{"type":"MultiPolygon","coordinates":[[[[122.1729689,17.58454244400002],[121.67058345500004,17.49933121700002],[121.639614542,17.504361035999978],[121.61420260299997,17.560316989],[121.599720091,17.54819507000002],[121.49661415900005,17.591042717999983],[121.47706405600002,17.668797368000014],[121.44010000200001,17.666039013999978],[121.39442138599998,17.786467027000015],[121.30605326800003,17.81518425500002],[121.35706746300002,17.913196703999972],[121.31511820900005,17.97078315599998],[121.34689143799994,18.038610846999973],[121.36446941600002,18.061619119],[121.42783799999995,18.035335404000023],[121.46035909600005,18.049410336999983],[121.460365465,18.124115905999986],[121.48469951899995,18.149101524000002],[121.48948360700001,18.23884498299998],[121.46462696399999,18.284910661000026],[121.480223206,18.30637117399999],[121.28555701000005,18.38853795199998],[121.22654139600002,18.436471329000028],[121.22208115399997,18.500580942],[121.15600338399997,18.543774998000004],[121.11848091499996,18.543110653999975],[121.089064313,18.495391213999994],[121.09350099599999,18.54174591200001],[121.061365389,18.53919799099998],[121.002873797,18.46610564299999],[120.95867309799996,18.463202411999987],[120.97158036099995,18.580484609999985],[121.03483574200004,18.620340043],[121.06266293099998,18.607260225999994],[121.09717997500002,18.626919638000004],[121.16098231399997,18.622326234000013],[121.62151758599998,18.351346208999985],[121.64016765999997,18.360120739000024],[121.90283132299999,18.265720810999994],[122.02623336600004,18.29871059200002],[122.10018873700005,18.382354539000005],[122.13177461500004,18.38673405999998],[122.12486318799995,18.427315315999977],[122.14912381900001,18.510588460999998],[122.16687579400002,18.521697646000007],[122.19908778299998,18.50998126899998],[122.23364950899997,18.518218096],[122.24859034999997,18.450705273999972],[122.26119365700004,18.429128364000007],[122.32014786900004,18.379537509999977],[122.33762092300003,18.309250727000006],[122.30290430499997,18.21938800999999],[122.26165113000002,18.168437876999974],[122.21550019699998,18.151476984999988],[122.16747201600003,18.086535321999975],[122.18354717600005,18.060145345000024],[122.19064936100006,17.917885926999986],[122.13680427099996,17.783212556000024],[122.16853843800004,17.698783305000006],[122.15624554299995,17.681116300999975],[122.1729689,17.58454244400002]]],[[[121.95962747099998,19.475844741000003],[121.90203857100005,19.514090547000023],[121.89298309699996,19.54511239599998],[121.96944268899995,19.573923965999995],[121.99320044199999,19.552668950999987],[121.99415670600001,19.51295241600002],[121.95962747099998,19.475844741000003]]],[[[121.51402935399994,19.42342735400001],[121.50462890799997,19.435725936999972],[121.508148269,19.448754407000024],[121.515321782,19.440595341999995],[121.51402935399994,19.42342735400001]]],[[[121.51161315599995,19.24422464700001],[121.40277740199997,19.283181864000028],[121.39063927999996,19.329048709000006],[121.34838882199995,19.36327709400001],[121.38897591299997,19.369308805999992],[121.390811526,19.391259579999996],[121.48807760900002,19.367088045999992],[121.52399714399996,19.387956455999984],[121.52211814700001,19.320510677000016],[121.54221313999994,19.273465854999984],[121.51161315599995,19.24422464700001]]],[[[121.23883162300001,19.012770192999994],[121.19628270500004,19.06983225900001],[121.21742518300005,19.172138578999977],[121.24776716400004,19.10492677299999],[121.25370463000002,19.02604102700002],[121.23883162300001,19.012770192999994]]],[[[121.85594979400003,18.812052408],[121.826119103,18.86128786400002],[121.87099546000002,18.892308174999982],[121.84938320100002,18.92155242299998],[121.870602728,18.946812290000025],[121.86656880299995,18.973954369000012],[121.89932435499998,19.002161419000004],[121.94503605099999,19.00275590000001],[121.99227095399999,18.960514837000005],[121.98893474299996,18.942566195999973],[121.89092380299996,18.86840954799999],[121.85594979400003,18.812052408]]],[[[121.45296127999995,18.85566131500002],[121.28164187899995,18.848754289999988],[121.281135135,18.882987318999994],[121.414641717,18.90584712399999],[121.48279347000005,18.881165139000018],[121.45296127999995,18.85566131500002]]],[[[121.26909491499998,18.88392500399999],[121.25216970600002,18.885080905999985],[121.252079439,18.889219498999978],[121.26909491499998,18.88392500399999]]],[[[121.26123247600003,18.872425012000008],[121.24296876200003,18.857381018000012],[121.24781822900002,18.874133872000016],[121.26123247600003,18.872425012000008]]],[[[122.11207816299998,18.560301536999987],[122.15698081200003,18.579808435000018],[122.14572556799999,18.534014757000023],[122.14789820600004,18.527098403000025],[122.15302455000005,18.522620700999994],[122.13342357099998,18.518662618000008],[122.11532533100001,18.50081185900001],[122.12650269599999,18.54655955999999],[122.11207816299998,18.560301536999987]]]]}},{"type":"Feature","properties":{"adm2_pcode":"PH02031","adm2_name":"Isabela","kind":"province","psgc":"PH02031"},"geometry":{"type":"Polygon","coordinates":[[[122.1729689,17.58454244400002],[122.204262137,17.478430291999985],[122.24957288899998,17.412290833999975],[122.23575829200001,17.39905651800001],[122.25434136900003,17.38795101400001],[122.24722674300006,17.363852958999985],[122.28495164900005,17.36375630499998],[122.29483541599996,17.33367682400001],[122.354276669,17.334056323000027],[122.37341780899999,17.352744433999987],[122.39419874099997,17.323083325000027],[122.37332046699999,17.320765843999993],[122.38902179499996,17.308563773000003],[122.39764978799997,17.31182065600001],[122.39952495600005,17.289693695999972],[122.41231400499998,17.29825406399999],[122.39329639000005,17.34098276499998],[122.40736812600005,17.33336866799999],[122.44369315999995,17.263802671000008],[122.44046220099995,17.241326630999993],[122.42840833100001,17.282027684000013],[122.41250192899997,17.275081423000017],[122.43093486199996,17.213536449999992],[122.41103568400001,17.17220630700001],[122.41739599200002,17.139984959999992],[122.47155089099999,17.122578773999976],[122.44231337199994,17.120435514000008],[122.44645024399995,17.101915530999975],[122.50954638300004,17.142331280000008],[122.51957120099996,17.125374495000017],[122.52845511600003,17.097585287000015],[122.466662466,16.97672328499999],[122.47624810100001,16.94994671500001],[122.45989921600005,16.914489761000027],[122.45923608500004,16.87352049499998],[122.43024802399998,16.827659958000027],[122.43463616300005,16.797922831999983],[122.29836739899997,16.551944413],[122.23059986800001,16.484009087999993],[122.01773371299998,16.51702452699999],[121.74500357299996,16.393169809000028],[121.55481491399996,16.628912361999994],[121.39661213299996,16.645234468000012],[121.38941715600004,16.727348128000017],[121.37057490500001,16.752009939999994],[121.32757707799999,16.755108500000006],[121.34577175000004,16.769469051999977],[121.33585132999997,16.784788893999973],[121.35475491600005,16.774420588999988],[121.41951945100004,16.81746933400001],[121.52132233999998,16.838934767000012],[121.56822243500005,16.90951153499998],[121.56821946599996,17.130746136000027],[121.53017478799995,17.274919214000022],[121.60608069199998,17.421432186000004],[121.629096215,17.41831997999998],[121.64723067800003,17.500483729999985],[122.1729689,17.58454244400002]]]}},{"type":"Feature","properties":{"adm2_pcode":"PH02050","adm2_name":"Nueva Vizcaya","kind":"province","psgc":"PH02050"},"geometry":{"type":"Polygon","coordinates":[[[121.44575299200005,16.634300799000016],[121.39985675100002,16.607053096000016],[121.38468610899997,16.506486988000006],[121.35771871899999,16.498419118000015],[121.37686570300002,16.451005424000016],[121.44860449299995,16.42811832899997],[121.43716016999997,16.38330014600001],[121.52075775200001,16.339014959999986],[121.38376232500002,16.20111099899998],[121.29989098199997,16.209559719000026],[121.33554269800004,16.173060718999977],[121.32651811799997,16.157835947000024],[121.27740099100004,16.16185412599998],[121.32163473799994,16.094381452999983],[121.36543708700003,16.06662600200002],[121.34075960899997,16.021969980999984],[121.47089791999997,15.925374536999982],[121.47114962,15.886741050000012],[121.31660385400005,15.804170806000002],[121.28476349300001,15.754418536999992],[121.19399818500005,15.922087605999991],[121.17424918400002,16.090108901999997],[121.04773934000002,16.13798939100002],[120.870446518,16.118870178999998],[120.84150888600004,16.168612326000016],[120.76896590800004,16.198033656999996],[120.80005260899998,16.304845743999977],[120.84552298100004,16.319500077999976],[120.88942699999996,16.43607300000002],[120.88320633499995,16.505391507000013],[120.90440899500004,16.59535990400002],[120.92950614799997,16.60005354399999],[120.983716533,16.569470823000017],[121.07213162599999,16.627830254000003],[121.21188340900005,16.641666140999973],[121.27643328399995,16.668528836000007],[121.28988428800005,16.657925438999996],[121.28936552799996,16.690035496000007],[121.31376456600003,16.69688291099999],[121.33381496899995,16.751936437999973],[121.35368989100004,16.757178165000028],[121.38941715600004,16.727348128000017],[121.39661213299996,16.645234468000012],[121.44575299200005,16.634300799000016]]]}},{"type":"Feature","properties":{"adm2_pcode":"PH02057","adm2_name":"Quirino","kind":"province","psgc":"PH02057"},"geometry":{"type":"Polygon","coordinates":[[[122.05880819100003,16.509254778000013],[121.84589590899998,16.249155588999997],[121.510935625,15.949690385999986],[121.44540684699996,15.934173378000025],[121.34075960899997,16.021969980999984],[121.36543708700003,16.06662600200002],[121.28448320799998,16.140182161999974],[121.27740099100004,16.16185412599998],[121.32651811799997,16.157835947000024],[121.33554269800004,16.173060718999977],[121.29989098199997,16.209559719000026],[121.38376232500002,16.20111099899998],[121.52075775200001,16.339014959999986],[121.43716016999997,16.38330014600001],[121.44860449299995,16.42811832899997],[121.37686570300002,16.451005424000016],[121.35771871899999,16.498419118000015],[121.38468610899997,16.506486988000006],[121.41383162800003,16.618890658999987],[121.48306795799999,16.642962467000018],[121.55481491399996,16.628912361999994],[121.74500357299996,16.393169809000028],[122.01773371299998,16.51702452699999],[122.05880819100003,16.509254778000013]]]}},{"type":"Feature","properties":{"adm2_pcode":"PH03008","adm2_name":"Bataan","kind":"province","psgc":"PH03008"},"geometry":{"type":"Polygon","coordinates":[[[120.55426459,14.82073703499998],[120.54173354199997,14.820421140999997],[120.55444157,14.792092437000008],[120.54426770400005,14.813807442999973],[120.53865809700005,14.80931393200001],[120.55524859599996,14.749925851],[120.54535756999996,14.720876807000025],[120.58409880199997,14.643158219999975],[120.61512425499996,14.479869258999997],[120.57143374199995,14.425611272000026],[120.49564328400004,14.436866887000008],[120.48360762100003,14.42868026399998],[120.50007368299998,14.407907297000008],[120.47569703600004,14.409454257999982],[120.44679983200001,14.445963591999998],[120.38915254699998,14.458749146000002],[120.37473747599995,14.524744714999997],[120.39280916200005,14.587940439000022],[120.36735525899996,14.626348141999983],[120.31239044699998,14.62605695000002],[120.26548237700001,14.668939892000026],[120.24987942799999,14.725942044000021],[120.27865650800004,14.733102072999998],[120.28272873100002,14.754998183999987],[120.36058266299995,14.777602718000026],[120.33957911200002,14.854293435999978],[120.40665743800002,14.885705093000013],[120.42280570000003,14.91447103500002],[120.47641131900002,14.919620462000012],[120.47934569400002,14.890787504000002],[120.55426459,14.82073703499998]]]}},{"type":"Feature","properties":{"adm2_pcode":"PH03014","adm2_name":"Bulacan","kind":"province","psgc":"PH03014"},"geometry":{"type":"Polygon","coordinates":[[[121.05089392599996,15.263225748000025],[121.18592226199996,15.265765785999974],[121.20325273699996,15.221544441999981],[121.237009984,15.202618352000002],[121.31215264299999,15.198769701000003],[121.34785653300003,14.996370968000008],[121.33073668700001,14.83520421999998],[121.16528463600002,14.823417533999987],[121.09145690399998,14.767226753999978],[121.03060207099998,14.784248398999978],[121.02402399100004,14.763034878999974],[120.98898521499996,14.757223791000001],[120.98298298400005,14.725317431999997],[120.92669637300003,14.735891320999997],[120.94533687499995,14.688489936999986],[120.91841488700004,14.712960826000028],[120.90590592700005,14.701090057999977],[120.90508095099995,14.724177159000021],[120.88765983899998,14.709949052000013],[120.86050778100002,14.722449030999996],[120.818945569,14.777901136000025],[120.80141902000003,14.754859574000022],[120.75564382100004,14.758912065000004],[120.75798587099996,14.777877690000025],[120.75011089700001,14.758815152000011],[120.73820768600001,14.77344560900002],[120.687237213,14.770876218000012],[120.697053138,14.833358486000009],[120.73602701499999,14.870179452999992],[120.72161216699999,14.873341453000023],[120.73333087200001,14.928257063999979],[120.772070235,14.924057166000011],[120.85588776099996,14.960068026999977],[120.85222080200003,14.973840105000022],[120.88521050899999,14.991255274000025],[120.875277439,15.00924716999998],[120.89044110099996,15.030866263000007],[120.91190376400004,15.022824139000022],[120.93179319000001,15.039632439999991],[120.89808489899997,15.072300916000017],[120.93328239499999,15.089088582999977],[120.95148697100001,15.12785859500002],[120.91557604599996,15.175589763000005],[120.92865891600002,15.216318619999981],[121.05089392599996,15.263225748000025]]]}},{"type":"Feature","properties":{"adm2_pcode":"PH03049","adm2_name":"Nueva Ecija","kind":"province","psgc":"PH03049"},"geometry":{"type":"Polygon","coordinates":[[[121.03710740099996,16.13830442400001],[121.18248110399998,16.07947950099998],[121.19399818500005,15.922087605999991],[121.28033899699994,15.767132017999984],[121.378521524,15.485011370999985],[121.358189047,15.406468662000009],[121.33828675300003,15.392475923999996],[121.35588918600001,15.339202334999982],[121.31215264299999,15.198769701000003],[121.237009984,15.202618352000002],[121.20325273699996,15.221544441999981],[121.17957473800004,15.270615693000025],[121.14503048899996,15.272196882999992],[121.05089392599996,15.263225748000025],[120.98359491199994,15.226128366000012],[120.90280333999999,15.213529742999981],[120.895227009,15.181834277000007],[120.865423244,15.17623254900002],[120.77988816100003,15.218350600999997],[120.77076961700004,15.267591357000015],[120.73540473100002,15.257245635999993],[120.75572014199997,15.319438280999975],[120.73736089700003,15.33731802699998],[120.74187423800004,15.381475093000006],[120.76449512199997,15.419183755999995],[120.72099664500001,15.550456395000026],[120.75491011999998,15.607524424000019],[120.69694030999995,15.618043090000015],[120.65846289399997,15.661061983000025],[120.61506366399999,15.815561237999987],[120.74735183200005,15.851278652000019],[120.81905751900001,15.793215701000008],[120.920529407,15.96631821599999],[120.870446518,16.118870178999998],[121.03710740099996,16.13830442400001]]]}},{"type":"Feature","properties":{"adm2_pcode":"PH03054","adm2_name":"Pampanga","kind":"province","psgc":"PH03054"},"geometry":{"type":"Polygon","coordinates":[[[120.73421095200001,15.277158337999992],[120.73540473100002,15.257245635999993],[120.77076961700004,15.267591357000015],[120.77988816100003,15.218350600999997],[120.865423244,15.17623254900002],[120.92865891600002,15.216318619999981],[120.91557604599996,15.175589763000005],[120.95148697100001,15.12785859500002],[120.93328239499999,15.089088582999977],[120.89808489899997,15.072300916000017],[120.93179319000001,15.039632439999991],[120.91190376400004,15.022824139000022],[120.89044110099996,15.030866263000007],[120.875277439,15.00924716999998],[120.88521050899999,14.991255274000025],[120.85222080200003,14.973840105000022],[120.85588776099996,14.960068026999977],[120.772070235,14.924057166000011],[120.73333087200001,14.928257063999979],[120.72161216699999,14.873341453000023],[120.73602701499999,14.870179452999992],[120.697053138,14.833358486000009],[120.687237213,14.770876218000012],[120.6522539,14.767817938000007],[120.60230695400003,14.830373837000025],[120.58547861700004,14.824247147999984],[120.57731042700004,14.843488181999987],[120.570104098,14.848579842999982],[120.58481444899996,14.821525264999991],[120.58082184399996,14.814151095],[120.54954029999999,14.822315403999994],[120.47934569400002,14.890787504000002],[120.48383476499998,14.913516804999972],[120.41993905899994,14.98459925100002],[120.40687300000002,15.074102701000015],[120.35605737499998,15.135023510999986],[120.36759662500003,15.16709711499999],[120.524754917,15.227524666000022],[120.567327525,15.26381895999998],[120.73421095200001,15.277158337999992]]]}},{"type":"Feature","properties":{"adm2_pcode":"PH03069","adm2_name":"Tarlac","kind":"province","psgc":"PH03069"},"geometry":{"type":"Polygon","coordinates":[[[120.59009430399999,15.862431135000008],[120.65846289399997,15.661061983000025],[120.69694030999995,15.618043090000015],[120.75388935199999,15.612046495000016],[120.72099495299994,15.550373256],[120.76449512199997,15.419183755999995],[120.73660991099996,15.349449526],[120.75575958399997,15.322903320000023],[120.74955890199999,15.27411551900002],[120.567327525,15.26381895999998],[120.524754917,15.227524666000022],[120.368293752,15.166791639999985],[120.33616555000003,15.235095098999977],[120.28224524300003,15.289590427000007],[120.16519460999996,15.361773751999976],[120.18910368800005,15.516064781000011],[120.22304199999996,15.576052721999986],[120.264046549,15.597693988999993],[120.26539332200002,15.639273166999999],[120.31439872700003,15.647246697000014],[120.37643502399999,15.747010568000007],[120.42768256700003,15.753784435],[120.46759425200003,15.722242865999988],[120.55103785799997,15.763746917999981],[120.59009430399999,15.862431135000008]]]}},{"type":"Feature","properties":{"adm2_pcode":"PH03071","adm2_name":"Zambales","kind":"province","psgc":"PH03071"},"geometry":{"type":"MultiPolygon","coordinates":[[[[120.15955697300001,15.769265243000007],[120.264046549,15.597693988999993],[120.22304199999996,15.576052721999986],[120.18910368800005,15.516064781000011],[120.16519460999996,15.361773751999976],[120.33616555000003,15.235095098999977],[120.36759662500003,15.16709711499999],[120.36503970000001,15.108136662999982],[120.40687300000002,15.074102701000015],[120.41993905899994,14.98459925100002],[120.46302714299998,14.917770367999992],[120.42280570000003,14.91447103500002],[120.40665743800002,14.885705093000013],[120.34458255499999,14.860743086000014],[120.33830140400005,14.816696693999972],[120.36058266299995,14.777602718000026],[120.28272873100002,14.754998183999987],[120.27955290299997,14.738849241000025],[120.241822018,14.76139488299998],[120.28131414999996,14.779969424],[120.258349082,14.788418982999985],[120.26300949200004,14.805001818999983],[120.28789494099999,14.793398145000026],[120.29797144500003,14.816910972000016],[120.26757166899995,14.823096471999975],[120.26709065600005,14.847118373],[120.24439801400001,14.849462835999987],[120.233296419,14.876088573999994],[120.20762727500005,14.874339490000011],[120.21523077100005,14.80909529500002],[120.18975093200004,14.750811123999995],[120.16029613800004,14.737884598999983],[120.11894475700001,14.758344211999997],[120.13361947800001,14.76905310699999],[120.12095347800005,14.782885399999998],[120.08404490600003,14.785357341000008],[120.10911196300003,14.818353408999997],[120.08006060499997,14.814417026000001],[120.08382352399997,14.85371877199998],[120.05348221999998,14.887066391000019],[120.05930491000004,15.06489411199999],[120.01570831599997,15.266141874000027],[119.89016736099995,15.430600000000027],[119.918541151,15.448509676000015],[119.902957173,15.491807336000022],[119.94231596899999,15.477655728000002],[119.96870554899999,15.506357013000013],[119.937109405,15.554989546999991],[119.95058072699999,15.562056188999975],[119.950659567,15.571337218999986],[119.91697742400004,15.559878825999988],[119.90351894699995,15.621943934],[119.93353407300003,15.692708359999983],[119.86938103900002,15.733476014000018],[119.91115541600004,15.759198930000025],[119.885676644,15.811170953999977],[119.981964544,15.80755975400001],[120.01789980599995,15.870560757000021],[120.03641615200002,15.874149902],[120.076468772,15.832614755999998],[120.14561601699995,15.82553132999999],[120.15955697300001,15.769265243000007]]],[[[119.80520290000004,15.804556359999992],[119.78880538299995,15.783254351999972],[119.78730822199998,15.811896943000022],[119.80520290000004,15.804556359999992]]],[[[119.92030137799998,15.511524018999978],[119.90469960099995,15.528027103999989],[119.93122046200006,15.524721397999997],[119.92030137799998,15.511524018999978]]],[[[120.11432823300004,14.764025641999979],[120.09971113699999,14.762542277000023],[120.10230744800003,14.769175897000025],[120.11432823300004,14.764025641999979]]]]}},{"type":"Feature","properties":{"adm2_pcode":"PH03077","adm2_name":"Aurora","kind":"province","psgc":"PH03077"},"geometry":{"type":"Polygon","coordinates":[[[122.23417917899997,16.487238956],[122.19930659600004,16.433408902999986],[122.22114622100003,16.394866976999992],[122.23782144300003,16.428502362000017],[122.24297540199996,16.421148129000017],[122.22985672100003,16.366321002999996],[122.17986272600001,16.30290086299999],[122.19314016600003,16.28983449399999],[122.23391218699999,16.303653669000028],[122.20827416400004,16.271455188000004],[122.20103543000005,16.234505172000013],[122.06995863300006,16.12023450700002],[122.07269401099995,16.091181570000003],[122.031721167,16.049202246999982],[121.98893589299996,16.029153786999984],[122.02739957799997,16.10449940000001],[122.09269835400005,16.167447462999974],[122.09509441499995,16.20454741499998],[122.12949300100001,16.225609196999983],[122.13984761999995,16.255127464999987],[122.13151345300003,16.261331084999995],[122.09307130299999,16.263944041000002],[122.07040718899998,16.24121973000001],[122.07878979600002,16.189755957999978],[122.01904630599995,16.179669414999978],[121.93674096500001,16.125893728999984],[121.872676028,16.122279876999983],[121.77976880799997,16.061947909000025],[121.74347405499998,16.069732224000006],[121.555093489,15.899520266000025],[121.561348382,15.775046018000012],[121.57590265800002,15.753844222999987],[121.63510249399997,15.751572511999996],[121.63930240800005,15.704980272],[121.61029250800004,15.706981606999989],[121.61103618799996,15.68418101399999],[121.58806595600004,15.672570366999992],[121.61540247599999,15.670347875999994],[121.616209347,15.647771480000017],[121.583308848,15.632401360000017],[121.53164774899994,15.546059393999997],[121.49385778600004,15.523889898999983],[121.48412244999997,15.428910406],[121.43207203899999,15.364668709],[121.404995826,15.384657898],[121.38500703700004,15.365009841000017],[121.37503883600004,15.30926501800002],[121.41712050199999,15.216888696000012],[121.40184435499998,15.172192895000023],[121.38046702199995,15.168480772999999],[121.40368132100002,15.153421932000015],[121.400191887,15.12190425],[121.34476914000004,15.040210903999991],[121.34785653300003,14.996370968000008],[121.31006640500004,15.191303677000008],[121.35600575800004,15.339746338999987],[121.33828675300003,15.392475923999996],[121.358189047,15.406468662000009],[121.378521524,15.485011370999985],[121.28990313700001,15.766188076999981],[121.31660385400005,15.804170806000002],[121.47114962,15.886741050000012],[121.46354426899995,15.926616156000023],[121.510935625,15.949690385999986],[121.84589590899998,16.249155588999997],[122.05880819100003,16.509254778000013],[122.23417917899997,16.487238956]]]}},{"type":"Feature","properties":{"adm2_pcode":"PH04010","adm2_name":"Batangas","kind":"province","psgc":"PH04010"},"geometry":{"type":"MultiPolygon","coordinates":[[[[120.58984285099996,14.23011679299998],[120.65117905600005,14.214442581000014],[120.65840315100002,14.185721820000026],[120.70735536300003,14.17308878],[120.69196925699998,14.160500002999981],[120.71593295800005,14.126534449000019],[120.76566159100003,14.135577451000017],[120.76768094299996,14.117736820999994],[120.83929156600004,14.088780735],[120.84298026800002,14.056756468999993],[120.87804649400005,14.083808497000007],[120.97143969499996,14.097899961999985],[120.98037532399997,14.120089442999983],[121.045383861,14.154943326000023],[121.19440848600004,14.131070861000012],[121.21619239799998,14.026614681000012],[121.248669006,13.981597471999976],[121.24042152599998,13.905063270000028],[121.28272368900002,13.87224732300001],[121.368139778,13.869279386000017],[121.38767822800003,13.844806435999999],[121.45086922099995,13.82946520500002],[121.43244183000002,13.759833338000021],[121.45167255800004,13.722903356000018],[121.44268921699995,13.695887114000016],[121.45749440300006,13.701451411999983],[121.47042026999998,13.685442318000014],[121.42025139400005,13.654763990999982],[121.39652851599999,13.67227845399998],[121.36341557699996,13.658694486999991],[121.28560531599999,13.597005063999973],[121.180306331,13.645074779000026],[121.07748605999996,13.618937513999981],[121.03563877099998,13.635606720999988],[121.06151661299998,13.712941380000018],[121.04275526000004,13.766517362000002],[120.97716876899995,13.781890051999994],[120.89288217700005,13.682676937999986],[120.873389051,13.719511615999977],[120.92736825400004,13.761559481000006],[120.90163208399997,13.821868144000007],[120.91211606700006,13.87604928899998],[120.87852291299998,13.902028402999974],[120.74283293999997,13.936288241],[120.69784807899998,13.904227659000014],[120.71914254299998,13.843249861999993],[120.66461387100003,13.85957850699998],[120.65143142500006,13.848380501999998],[120.67614737300005,13.789206088000014],[120.65297948,13.770488743999977],[120.62137359200005,13.811199106999993],[120.62570716599998,13.896713437000017],[120.60272388500005,13.974083582999981],[120.63222438100001,13.98306994699999],[120.61546962700004,14.012397763000024],[120.62406746800002,14.109357846000023],[120.56834181700003,14.134519888],[120.60972443799994,14.144563998000024],[120.57541243799994,14.170900766999978],[120.60564893799994,14.174057446000006],[120.61341428200001,14.178083332000028],[120.58295164900005,14.193596666000019],[120.59487876599997,14.209896264999998],[120.58984285099996,14.23011679299998]]],[[[121.08896686699995,13.569401490000018],[121.09939364399997,13.533844163000026],[121.08033677599997,13.526216526999974],[121.04241371700004,13.570844324999996],[121.08896686699995,13.569401490000018]]],[[[120.83115867100003,13.687686794000001],[120.84090173799996,13.67242696400001],[120.88492621700004,13.654887411999994],[120.93407597600003,13.655353820000016],[120.94646802900002,13.63811489599999],[120.87260698,13.634652057999972],[120.84196022699996,13.651250004000019],[120.83115867100003,13.687686794000001]]]]}},{"type":"Feature","properties":{"adm2_pcode":"PH04021","adm2_name":"Cavite","kind":"province","psgc":"PH04021"},"geometry":{"type":"MultiPolygon","coordinates":[[[[120.96993044999999,14.475450371000022],[121.01161116900005,14.380260944999975],[121.005296101,14.318790293999996],[121.03228356099999,14.334620256999983],[121.07749883300005,14.327865120000013],[121.03314673,14.251470731999973],[121.05425063200005,14.256435864000025],[121.05282869099995,14.216263803999993],[121.01369984200005,14.163004601000011],[121.03586636199998,14.151780379999991],[120.97143969499996,14.097899961999985],[120.87804649400005,14.083808497000007],[120.84298026800002,14.056756468999993],[120.83929156600004,14.088780735],[120.76768094299996,14.117736820999994],[120.76566159100003,14.135577451000017],[120.698220505,14.136949860000016],[120.69235131599999,14.163429119],[120.70735536300003,14.17308878],[120.61888377800005,14.218541259000006],[120.62279323500002,14.266724075000013],[120.71466510300002,14.286536253000008],[120.87149791399997,14.430924066999978],[120.89985872600005,14.495779044000017],[120.91775957799996,14.499016696000012],[120.903124822,14.484396041000025],[120.91711700500002,14.484270105000007],[120.920988395,14.480790689000003],[120.89703915400003,14.47531068699999],[120.88960822199999,14.450550797999995],[120.96993044999999,14.475450371000022]]],[[[120.57977691400004,14.372495061999985],[120.56363120000003,14.388472837999984],[120.60788408200006,14.393892832999995],[120.61543488200005,14.391004076000002],[120.62044729599995,14.385737172999995],[120.57977691400004,14.372495061999985]]]]}},{"type":"Feature","properties":{"adm2_pcode":"PH04034","adm2_name":"Laguna","kind":"province","psgc":"PH04034"},"geometry":{"type":"Polygon","coordinates":[[[121.45200518700005,14.595771359000025],[121.48115860799999,14.53566516799998],[121.529563973,14.532863971999973],[121.55047443399997,14.492387305000022],[121.52409879000004,14.469167303000006],[121.63412066399997,14.267710320999981],[121.58995125199999,14.199159350000002],[121.60877174200004,14.189993189999996],[121.59066469699997,14.160782653000012],[121.52542204300005,14.170365300000014],[121.53533726,14.157077596000022],[121.51338978399997,14.149315080000008],[121.51515174199994,14.109498572999996],[121.48737778300006,14.068562180000015],[121.43090350800003,14.063428042999988],[121.32935131099998,13.985808888999998],[121.24647366500005,13.96349088300002],[121.19440848600004,14.131070861000012],[121.015280814,14.155680318000009],[121.05282869099995,14.216263803999993],[121.039137472,14.271101015],[121.07749883300005,14.327865120000013],[121.03228356099999,14.334620256999983],[121.007991855,14.317417035000005],[121.00898090600003,14.34199425600002],[121.05738450199999,14.378639584999974],[121.09077719899994,14.356187723000005],[121.18408701299995,14.235964997999986],[121.18229670100004,14.186462801000005],[121.28948705300002,14.194273414999998],[121.40098557099998,14.30185190200001],[121.44001253099998,14.289569018000009],[121.42383248099998,14.304446392999978],[121.44107038200002,14.320158424999988],[121.439859243,14.324895108000021],[121.41802922700003,14.333548509000025],[121.42869360300006,14.343979225999988],[121.47346211900003,14.317128560000015],[121.47342802900005,14.371872782000025],[121.43304831700004,14.405779785999982],[121.38402538100001,14.339461597000025],[121.36393249499997,14.36335894299998],[121.376248153,14.52460079399998],[121.39764341399996,14.543620557999986],[121.44798978300003,14.544977905999986],[121.45200518700005,14.595771359000025]]]}},{"type":"Feature","properties":{"adm2_pcode":"PH04056","adm2_name":"Quezon","kind":"province","psgc":"PH04056"},"geometry":{"type":"MultiPolygon","coordinates":[[[[122.30901167800005,14.142115553999986],[122.30379789200003,14.06738263699998],[122.38376856000002,14.066641329999982],[122.451993636,14.150213563000023],[122.792517997,14.013752262000025],[122.55090403999998,13.945773314999997],[122.530312525,13.962686435000023],[122.52472539899998,13.922746046999976],[122.41952651500003,13.942829432999986],[122.52452337399995,13.816284814000028],[122.50878770999998,13.769443755999987],[122.52344477999998,13.731804151999995],[122.49000143800004,13.73285083899998],[122.48016865,13.712774086000024],[122.49706499000001,13.646851930000025],[122.54646560900005,13.60092688200001],[122.54539489399997,13.582048536000002],[122.574625911,13.574799311999982],[122.63422480099996,13.528953962999992],[122.61791855800004,13.51343971099999],[122.56492929199999,13.563009350000016],[122.650686909,13.445383583000023],[122.67662059600002,13.379389671000013],[122.67674480400001,13.274690765000003],[122.702823062,13.224825316000022],[122.59909323700003,13.161974756999996],[122.50455300500005,13.243621603999998],[122.52332449999994,13.280296464999992],[122.50999866400002,13.295377213999984],[122.51885024399996,13.343179444999976],[122.48777855900005,13.410557564999976],[122.41329320800003,13.483941080000022],[122.40185701500002,13.524247645999992],[122.33255830300004,13.559174806999977],[122.32175913100002,13.590393049999989],[122.28951051000001,13.59135317099998],[122.28025184600006,13.574426499000026],[122.26157914099997,13.581013356000028],[122.27816140000004,13.593082125000024],[122.26718863999997,13.606513560999986],[122.20790988500005,13.602217059999987],[122.20255540200003,13.637620831999982],[122.09861132599997,13.785267874999988],[122.05338165499995,13.775648328999978],[122.02813928800003,13.80678457800002],[121.980642053,13.805884822999985],[121.97532501800004,13.840488301999983],[121.89028125200002,13.86218699699998],[121.871869962,13.896514172000025],[121.82537317900005,13.891733632000012],[121.81380755400005,13.943651113999977],[121.71349275700004,13.970686086],[121.68863893599996,13.949935602999972],[121.70824109700004,13.922260307999977],[121.60253540400004,13.899003583000024],[121.574511132,13.873498579999989],[121.48945385599995,13.849624491999975],[121.46026588799998,13.816422349999982],[121.36951983899996,13.868834204999985],[121.28272368900002,13.87224732300001],[121.24042152599998,13.905063270000028],[121.24647366500005,13.96349088300002],[121.32935131099998,13.985808888999998],[121.43090350800003,14.063428042999988],[121.48737778300006,14.068562180000015],[121.51515174199994,14.109498572999996],[121.51338978399997,14.149315080000008],[121.53533726,14.157077596000022],[121.52542204300005,14.170365300000014],[121.59066469699997,14.160782653000012],[121.60877174200004,14.189993189999996],[121.58995125199999,14.199159350000002],[121.63412066399997,14.267710320999981],[121.52409879000004,14.469167303000006],[121.55047443399997,14.492387305000022],[121.529563973,14.532863971999973],[121.48115860799999,14.53566516799998],[121.44173702299997,14.622482465000019],[121.40486651799995,14.639266049000014],[121.40480679899997,14.690213882000023],[121.33427652600005,14.731125842999973],[121.33820501800005,14.947222596000017],[121.35710532600001,15.011749193000014],[121.34476914000004,15.040210903999991],[121.39541639100003,15.104844096000022],[121.40389057100003,15.152887102000022],[121.38046702199995,15.168480772999999],[121.40184435499998,15.172192895000023],[121.40834958200003,15.212885502999995],[121.47695322300001,15.186910680999972],[121.50607427,15.055111064000016],[121.54391060399996,15.010292058999994],[121.58166057599999,14.890369399999997],[121.61360805100003,14.85294495300002],[121.60187334199998,14.828004121999982],[121.73432880200005,14.695812425999975],[121.678415201,14.702057872000012],[121.69093568699998,14.69866831600001],[121.625456332,14.657485443999974],[121.637435106,14.666968515999997],[121.61980403899997,14.685947707000025],[121.60377247500003,14.651903466000022],[121.65865645999997,14.401156307999997],[121.72766815900002,14.326294499000028],[121.72858719400006,14.274058330000003],[121.75827330000004,14.247258757999987],[121.75390661300003,14.204293985999982],[121.729639012,14.177372757],[121.74884068100005,14.145731340999987],[121.94551378899996,13.988508341999989],[122.09833875599998,13.922604766000006],[122.23141412899997,13.894815570999981],[122.24366136599997,13.943020733000026],[122.20809839100002,13.953067401999988],[122.18174390900003,13.993851267000025],[122.29884230599998,13.95929901300002],[122.29340899900001,13.991588786000023],[122.316642494,13.993077977999974],[122.32369652399996,14.020129611000016],[122.29095463399995,14.016229501999987],[122.28834459400002,14.038644696000006],[122.19992989299999,14.086332336999988],[122.163948753,14.158502682999995],[122.18921035300002,14.138502550999988],[122.18403253999998,14.164619354000024],[122.21491144000004,14.190070483999989],[122.245320107,14.185958475999996],[122.24918831399998,14.240615563000006],[122.27323900600004,14.245691399000009],[122.26755431499998,14.123839233000012],[122.30901167800005,14.142115553999986]]],[[[121.93493514700003,15.058643888999995],[121.936122426,15.039909856999998],[121.95542388299998,15.057584624000015],[121.96968990200003,15.036893953999993],[122.019284072,15.030033340999978],[122.00680306499999,15.007130327000027],[122.04976502800002,15.005664351999997],[122.05622120099997,14.96455480200001],[122.05439659800004,14.951852713999983],[122.031212256,14.991962070999989],[122.01150536700004,14.989225042999976],[121.99123662500006,14.957875983999998],[122.01919169300004,14.967738950000012],[122.02116312099997,14.921074138999984],[121.96733893500004,14.906652560999987],[121.98103990799996,14.841485019999993],[122.02192325600004,14.813906912999983],[122.01967358700006,14.805169501000023],[122.02583041100002,14.789941092999982],[122.02130639300003,14.764396933],[122.03672085899996,14.715139518],[122.00402764800003,14.667445889000021],[121.93923828499999,14.626554098999975],[121.91427785300004,14.64083967800002],[121.90298741499998,14.678776637999988],[121.90518100999998,14.723870837999982],[121.93787047299998,14.711513781999997],[121.90902773899995,14.803031722000014],[121.87847340200005,14.835491247999983],[121.83512834800001,14.954624960999979],[121.83065564599997,14.928385725999988],[121.80142751699998,14.93597659300002],[121.82005420899998,15.002520101000016],[121.83188357999995,14.982867168999974],[121.84008007700004,14.98877821000002],[121.83693888200003,15.039240871999993],[121.86655855799995,15.021614630999977],[121.93493514700003,15.058643888999995]]],[[[122.15646514599996,14.95071439100002],[122.16089045399997,14.938052750999987],[122.148980564,14.922107674000017],[122.13846385800002,14.925183263000008],[122.15646514599996,14.95071439100002]]],[[[122.141323651,14.913475446999996],[122.15214532000005,14.895142710000016],[122.14187790599999,14.895836721000023],[122.141323651,14.913475446999996]]],[[[122.01584749300002,14.893725134000022],[122.00538581499995,14.901080881999974],[122.02317903799997,14.903966136999998],[122.01584749300002,14.893725134000022]]],[[[122.01347826200004,14.873560644000008],[122.06279965099998,14.867986400000007],[122.08404121800004,14.841547391000006],[122.02475787000003,14.845631652000009],[122.01347826200004,14.873560644000008]]],[[[122.20990452199999,14.84259732800001],[122.19195926600003,14.805846773999974],[122.26052786699995,14.78552447200002],[122.244777516,14.720622597999977],[122.22928445800005,14.750925411000026],[122.10938872099996,14.803645173999996],[122.09361976900004,14.84221921599999],[122.13738006899996,14.828237301999991],[122.20990452199999,14.84259732800001]]],[[[122.253200096,14.805592709999985],[122.247152368,14.825361982000004],[122.25088568000001,14.821184019999976],[122.25844460899998,14.809026554000013],[122.253200096,14.805592709999985]]],[[[122.40355435000004,14.73375607600002],[122.43616814500001,14.695244496999976],[122.30658647899998,14.67646675399999],[122.33369786699996,14.711425329999997],[122.40355435000004,14.73375607600002]]],[[[122.02659820400004,14.438131279000004],[122.04593970799999,14.423994327999992],[122.03356016800001,14.39400449499999],[122.02659820400004,14.438131279000004]]],[[[121.80393840500005,14.292681846999983],[121.85145168600002,14.298514330999978],[121.82079319000002,14.248830263999992],[121.80393840500005,14.292681846999983]]],[[[121.92948540299994,14.235902974999988],[122.12790608600005,14.087178907999999],[122.18732526600002,14.005848110999978],[122.15871064299995,14.001312025999994],[121.98529217600003,14.111868205000007],[121.91413763699995,14.188181897999982],[121.92948540299994,14.235902974999988]]],[[[121.78178434100005,13.879221151000024],[121.78599021699995,13.909322224999983],[121.75475332400003,13.883656438000003],[121.74183015100004,13.891861500999994],[121.74732021499995,13.942244706999986],[121.79037713299999,13.938766612999984],[121.78534376100004,13.910618639999996],[121.802162995,13.898940805999985],[121.78178434100005,13.879221151000024]]],[[[122.71934951699996,13.364842135000004],[122.72540989699996,13.331015336999997],[122.71919811700002,13.323537564999981],[122.71257620100005,13.327404484999988],[122.71934951699996,13.364842135000004]]]]}},{"type":"Feature","properties":{"adm2_pcode":"PH04058","adm2_name":"Rizal","kind":"province","psgc":"PH04058"},"geometry":{"type":"MultiPolygon","coordinates":[[[[121.44173702299997,14.622482465000019],[121.44798978300003,14.544977905999986],[121.38994649400001,14.540084464000017],[121.36225809999996,14.486432837999985],[121.37619811399998,14.464224661999992],[121.36243190200003,14.454193886999974],[121.36393249499997,14.36335894299998],[121.38049455800001,14.337943742999983],[121.31206630999998,14.286264055000004],[121.30495041400002,14.327248981000025],[121.33914710399995,14.416272581999976],[121.32510470499994,14.460857078999993],[121.27293918700002,14.505172038000012],[121.24203842400004,14.502582748000009],[121.23181801700002,14.48458107099998],[121.23508200200001,14.473082879000003],[121.22038722299999,14.473891435999974],[121.22233477299994,14.423174873999983],[121.216181312,14.411366481000016],[121.18476833499994,14.483051347000014],[121.13884003199996,14.535651631000007],[121.10225888599996,14.51720500099998],[121.10187866499996,14.620657343000005],[121.13503641399996,14.657663517999993],[121.10670234300005,14.675499388999981],[121.13497179199999,14.776730444999998],[121.104914624,14.762656063000009],[121.09950513399997,14.769211051000013],[121.16528463600002,14.823417533999987],[121.33035662500004,14.834802543000023],[121.33427652600005,14.731125842999973],[121.40480679899997,14.690213882000023],[121.40486651799995,14.639266049000014],[121.44173702299997,14.622482465000019]]],[[[121.22460128099999,14.422586050999996],[121.24073939699997,14.349026353],[121.26628327599997,14.336757668000018],[121.24201342900005,14.329726661999985],[121.23720929399997,14.287057656999991],[121.21502813200004,14.336463315999993],[121.22460128099999,14.422586050999996]]]]}},{"type":"Feature","properties":{"adm2_pcode":"PH05005","adm2_name":"Albay","kind":"province","psgc":"PH05005"},"geometry":{"type":"MultiPolygon","coordinates":[[[[123.60125067900003,13.522687456000028],[123.624665832,13.491463576000001],[123.677887134,13.477349220000008],[123.74331082000003,13.369378009999991],[123.72707108500003,13.383606074999989],[123.74406117299998,13.32487017699998],[123.81547615900001,13.288131475],[123.81621158799999,13.254008650000003],[123.83232003800003,13.234180912999989],[123.828851225,13.266791990000002],[123.844560957,13.265426463999972],[123.84909799000002,13.248510099999976],[123.85971641599997,13.240836688000002],[123.86805804300002,13.239715338999986],[123.86200779700005,13.22435274999998],[123.77461890899997,13.227495044000023],[123.75638192300005,13.145103131999974],[123.78602990299999,13.114708475999976],[123.775706313,13.089531624000017],[123.75124296599995,13.089891824000006],[123.75870947099997,13.058960406999972],[123.80265823399998,13.047361957000021],[123.86374103200001,13.136098332000017],[123.90269535100003,13.14175671999999],[123.929941826,13.113848200000007],[123.91243569100004,13.047547737000002],[123.81123862100003,13.021479247000002],[123.76765605699995,12.986184890000004],[123.717119432,13.040017815999988],[123.65382555500003,13.011533192000002],[123.54809213500005,13.024415271999999],[123.48216299399996,12.988444603000005],[123.40631951399996,13.045872658000008],[123.319808953,13.006635877999997],[123.28072276499995,13.05765319599999],[123.29621424200002,13.083393509000018],[123.28827248699997,13.146970001999989],[123.32734117799998,13.198223321],[123.28218609400005,13.26693789799998],[123.37565567000001,13.303013088],[123.37317003099997,13.337518649000003],[123.40378621699995,13.330119496999998],[123.43280213499997,13.363097289999985],[123.482457867,13.368078734999983],[123.50459555099997,13.339948449000019],[123.57150571399995,13.365336621999973],[123.58783505500003,13.426994652000019],[123.545447481,13.485836639000013],[123.54512821900005,13.515268239000022],[123.60125067900003,13.522687456000028]]],[[[123.76545898200004,13.407387588000006],[123.81788479199997,13.38809218199998],[123.82677084,13.367883474999985],[123.85172965100003,13.368795910000017],[123.83276455199996,13.343967653999982],[123.76545898200004,13.407387588000006]]],[[[123.84007418299996,13.336178098000005],[123.85102687699998,13.354511692000017],[123.85292623700002,13.353443862999995],[123.85402639400002,13.354295186000002],[123.85707478999996,13.352934913000013],[123.85786012300002,13.353400044000011],[123.86263691099998,13.349097776000008],[123.87362161099998,13.348475426999983],[123.87575847899996,13.338959757999987],[123.93005976100005,13.328011174999972],[123.88486362799995,13.281197679000002],[123.91235179399996,13.237325365999993],[123.884352767,13.224412695000012],[123.83928254399996,13.273055940000006],[123.86244679699996,13.315948150999986],[123.84007418299996,13.336178098000005]]],[[[123.92704933000005,13.306730870000024],[123.94555503499998,13.31965706599999],[123.94863655799998,13.306026273999976],[123.92704933000005,13.306730870000024]]],[[[123.95835651899995,13.304157282999995],[123.96938286,13.298010533000024],[123.95694489100003,13.293284792999998],[123.95835651899995,13.304157282999995]]],[[[123.97712102699995,13.291520552000009],[123.98610884300001,13.25930400499999],[124.00880680099999,13.286971090999998],[124.02903077899998,13.25825488999999],[124.04104753000001,13.27927407499999],[124.09904918899997,13.258836101999975],[124.02248626400001,13.216940108000017],[123.99167019100003,13.237543671000026],[123.95163429700006,13.233591504999993],[123.90835664199994,13.286163106000004],[123.97712102699995,13.291520552000009]]],[[[124.12990765300003,13.236041439000019],[124.20372810699996,13.21102238100002],[124.21725767999999,13.175823623999975],[124.057943078,13.207199863000028],[124.12990765300003,13.236041439000019]]]]}},{"type":"Feature","properties":{"adm2_pcode":"PH05016","adm2_name":"Camarines Norte","kind":"province","psgc":"PH05016"},"geometry":{"type":"MultiPolygon","coordinates":[[[[123.06069556700004,13.837581501999978],[122.95698706099995,13.918252183999982],[122.92387366599996,13.919814250000002],[122.89186546600001,13.964380530000028],[122.451993636,14.150213563000023],[122.38376856000002,14.066641329999982],[122.30379789200003,14.06738263699998],[122.30786651100004,14.102030336999974],[122.35169710800005,14.122302428000012],[122.33390286199995,14.202511191999974],[122.35354429200004,14.184947422999983],[122.34941621600001,14.22562390600001],[122.36061147299995,14.213898539000013],[122.37676135000004,14.212121782999986],[122.38283242199998,14.216705203000004],[122.360809335,14.252809919000015],[122.37945163300003,14.257029499999987],[122.38504987199997,14.287665199999992],[122.41277968199995,14.286979013000007],[122.416097799,14.314556690000018],[122.43009469699996,14.299406754000017],[122.46888309999997,14.339600787999984],[122.52093422899998,14.317546751000009],[122.50918962200001,14.344008164999991],[122.52217420500006,14.349209679000012],[122.52933061500005,14.33490012599998],[122.61054054500005,14.314395413],[122.59574060900002,14.305078944000002],[122.62056126699997,14.288019829999996],[122.631211399,14.321785401999989],[122.634062062,14.281581243999995],[122.64933477299996,14.314496204000022],[122.65860793499996,14.289542880999988],[122.66866675200004,14.299867898000002],[122.69236712999998,14.282715497000027],[122.66791613700002,14.337456670999984],[122.68818123200003,14.344235674000004],[122.71480309000003,14.338921001000017],[122.72331330400004,14.311935070999994],[122.75124009399997,14.328495453000016],[122.79091777899998,14.311496206000015],[122.80046322199996,14.274561010000014],[122.84835619399996,14.282123792999982],[122.91657890900001,14.219468378999977],[122.89864098400005,14.222656540999992],[122.90278331499997,14.220745475000001],[122.90249916899995,14.214744110000026],[122.899694716,14.220483682999998],[122.89329138699998,14.21880285100002],[122.91226713499998,14.196032591000005],[122.90613879800003,14.199701501999982],[122.89750412199999,14.197851738999987],[122.89158207699995,14.202344129999972],[122.88939419999997,14.202420241000027],[122.88816655400001,14.200771182999972],[122.91215388900002,14.188828662999981],[122.93744859000003,14.19060629400002],[122.97872443100005,14.150019763999978],[122.973956122,14.147442035999973],[122.96310234700002,14.150985143000014],[122.96150533900004,14.15131347800002],[122.95838421200006,14.150770975],[123.01440415499997,14.111682031999976],[123.00808154900005,14.099989995999977],[123.02463659499995,14.112178165999978],[123.04349378999996,14.098049021999998],[123.02995300500004,14.035893950000002],[123.08342937600003,13.981792993999989],[123.09540164500004,13.891374240000005],[123.06524966200004,13.873629307999977],[123.06069556700004,13.837581501999978]]],[[[122.90126267000005,14.44570668199998],[122.96230773399998,14.492127101999984],[122.94464038599995,14.450117234000004],[122.90126267000005,14.44570668199998]]],[[[122.94051555600004,14.439536488999977],[122.94410175600001,14.427863473000002],[122.980077284,14.405429464999997],[122.92993068800001,14.425524685000028],[122.94051555600004,14.439536488999977]]],[[[122.98505219599997,14.428237075000027],[123.00197328499996,14.435343031999992],[123.01953851400003,14.430239651000022],[122.98505219599997,14.428237075000027]]],[[[122.80561577100002,14.418791976000023],[122.81985466399999,14.394719423000026],[122.819286336,14.385347422999985],[122.80561577100002,14.418791976000023]]],[[[122.91758403999995,14.218112857999984],[122.922670918,14.205799133000028],[122.93783669699997,14.193478434999975],[122.94010416399999,14.189405769000018],[122.93098543600001,14.196164382999996],[122.91750988499996,14.195549186999983],[122.91919090500005,14.196095022999998],[122.91954639100004,14.196511914999974],[122.91758403999995,14.218112857999984]]],[[[123.06923839599995,14.097684035999976],[123.05199313399999,14.12987661599999],[123.05446309399997,14.129051044999983],[123.05827930999999,14.129689327999984],[123.06560324600002,14.128447581999978],[123.06873184300002,14.129057472],[123.06923839599995,14.097684035999976]]],[[[123.098480279,14.080264753999984],[123.11754016199995,14.079006750000019],[123.11690342300005,14.075229824000019],[123.098480279,14.080264753999984]]],[[[123.09422752199998,14.039890727999989],[123.11129041100003,14.042010026000014],[123.11221162699997,14.03023852299998],[123.09422752199998,14.039890727999989]]]]}},{"type":"Feature","properties":{"adm2_pcode":"PH05017","adm2_name":"Camarines Sur","kind":"province","psgc":"PH05017"},"geometry":{"type":"MultiPolygon","coordinates":[[[[123.34004585900004,14.105306541999994],[123.374462903,14.040301258],[123.35191162399997,14.038781081000025],[123.34274073799997,14.013254126999982],[123.36357362199999,14.008040917000017],[123.38853656799995,14.034123277999981],[123.38225340899999,14.008082710999986],[123.40151822999997,14.008317302000023],[123.39822274899996,13.977605145999974],[123.40393177600004,13.978163220999988],[123.40306271600002,13.989445073000013],[123.41591040599997,13.98444600099998],[123.40762516100006,13.943001938000009],[123.42600007800002,13.920229127000027],[123.45121104700002,13.920138770999984],[123.45796414300003,13.937877461000028],[123.44558417099995,13.939926866999997],[123.44750545900001,13.96530971499999],[123.45013688300003,13.967144560000008],[123.45025289,13.961566124],[123.47072082800003,13.961193885],[123.48907008599997,13.93929293399998],[123.50115949799999,13.941608271999996],[123.49062298399997,13.91376440800002],[123.51676929799999,13.930265639000027],[123.51912641399997,13.91250273999998],[123.54254672000002,13.909369727000012],[123.54534074900005,13.932115375000024],[123.59937756099998,13.892308866999997],[123.66303071100003,13.894042823000007],[123.68068762300004,13.878508182000019],[123.70556671400004,13.888917193999987],[123.71533886099996,13.940257803999998],[123.73736290600004,13.884374534000017],[123.78332616,13.843609273000027],[123.84850103300005,13.809933512999976],[123.86704009200002,13.82575642400002],[123.89160634899997,13.798786226000004],[123.941421709,13.795545951999998],[123.93706872200005,13.772455259000026],[123.95458627699998,13.767631353000013],[123.948695843,13.753196249999974],[123.96118489699995,13.75234105300001],[123.96947067500003,13.755160885999999],[123.96778635700002,13.730116873999975],[123.97160345299994,13.721966133000024],[123.97725028299999,13.722356621000017],[123.96886575200006,13.709010883000019],[123.964902317,13.726398216999996],[123.93686027700005,13.736675884000022],[123.93409906099998,13.71960070900002],[123.87269763999996,13.737617052000019],[123.80349259800005,13.687647281000011],[123.58258311899999,13.728129401999979],[123.53601602200001,13.628625435999993],[123.55204164300005,13.601674962000004],[123.53004704,13.576505816000008],[123.60202697900002,13.52797968599998],[123.54512821900005,13.515268239000022],[123.545447481,13.485836639000013],[123.58783505500003,13.426994652000019],[123.57150571399995,13.365336621999973],[123.50459555099997,13.339948449000019],[123.49036014199999,13.364648287000023],[123.45783579099998,13.36984210899999],[123.40214947200002,13.345744681999975],[123.40378621699995,13.330119496999998],[123.34140162100005,13.357780859999991],[123.32718364699997,13.327270270999975],[123.35268786699999,13.306672606000006],[123.28127328200003,13.258541064999974],[123.23856863900005,13.290413225999998],[123.18844368299995,13.434588865000023],[123.047896778,13.508653184000025],[122.97567601799994,13.52121084800001],[122.88821281900005,13.576154275000022],[122.83251415899997,13.63971456600001],[122.79865096499998,13.650544668000009],[122.82411628399996,13.649391255000012],[122.86220509299994,13.689709839999978],[122.83608907999997,13.735044763000019],[122.74248891900004,13.777337234000015],[122.76860407200002,13.785823909999976],[122.74915115399995,13.791123116999984],[122.74970679399996,13.802579029000015],[122.72247131799998,13.817124299],[122.65294944699997,13.820765619999975],[122.636861221,13.839884650999977],[122.65159501899996,13.851190717000009],[122.64198812300003,13.882488029000001],[122.56712875100004,13.905037650999986],[122.55403819499998,13.92254572500002],[122.56735241700005,13.937458148000019],[122.55091044799997,13.94577486999998],[122.792517997,14.013752262000025],[122.89186546600001,13.964380530000028],[122.92387366599996,13.919814250000002],[122.95698706099995,13.918252183999982],[123.06069556700004,13.837581501999978],[123.04560212800004,13.776327975000015],[123.12003810800002,13.721126771000002],[123.22932266500004,13.729124393000006],[123.27433009599997,13.748809753999979],[123.32470102399998,13.800320698000007],[123.28451733199995,13.896269587000006],[123.33266240399996,13.937953602999983],[123.34150541600002,13.968884267000021],[123.33415039399995,13.974380382999982],[123.33456713600003,13.977185156000019],[123.33881447600004,13.981553818000009],[123.33892524600003,13.982445885999994],[123.33850378299996,13.982463805999998],[123.31251779599995,13.95087700800002],[123.31185214499999,13.930355539999994],[123.293720538,13.927017836000005],[123.26032216500005,13.948770525999976],[123.26545843600002,13.962419037000018],[123.23199661499996,13.968191364999996],[123.227530462,13.989173567000023],[123.23848287099997,13.985811146999993],[123.24094098499995,13.986392920000014],[123.24138282499996,13.987895682999977],[123.22880148800004,14.003155353000011],[123.27018131700004,13.999190431999978],[123.23046400099997,14.02555361100002],[123.28332153400004,14.033235440999988],[123.25702431399998,14.073296453000012],[123.32130201500001,14.039544697999986],[123.30896370100004,14.067085632999976],[123.34579419700003,14.068864529999985],[123.32947998600002,14.087453432000018],[123.34004585900004,14.105306541999994]]],[[[123.56414567000002,13.584776911000006],[123.57862149899995,13.583474476999982],[123.57751957699998,13.580103474999987],[123.56414567000002,13.584776911000006]]],[[[123.83923195700004,13.837867401999972],[123.85292442900004,13.838467056000013],[123.84976742100002,13.827538984],[123.83923195700004,13.837867401999972]]],[[[123.84061612899995,13.865079422000008],[123.85902453200003,13.881886307000002],[123.849478847,13.856699901000013],[123.84061612899995,13.865079422000008]]],[[[123.779188309,13.884901676000027],[123.79635160800001,13.87345601200002],[123.78984574900005,13.867817961000014],[123.779188309,13.884901676000027]]],[[[123.57808987199996,13.927892112999984],[123.599424397,13.923799412999983],[123.59600703499996,13.916317843999991],[123.57808987199996,13.927892112999984]]],[[[123.85915545399996,13.96709868900001],[123.87063490100002,13.953522351999993],[123.87210320700001,13.948805429000004],[123.85744651200002,13.949015211000017],[123.85915545399996,13.96709868900001]]],[[[123.57775347899997,13.96988164999999],[123.57028040800003,13.944343659000026],[123.574840064,13.931254921999994],[123.55622766900001,13.955167328000016],[123.57775347899997,13.96988164999999]]],[[[123.81795992900004,13.978474025000025],[123.83973412800003,13.969629662999978],[123.83160873199995,13.889459656999975],[123.81153692099997,13.912345366000011],[123.81795992900004,13.978474025000025]]],[[[123.64427264899996,13.978375624000023],[123.66964736700004,13.966581577999989],[123.67781324199996,13.942650682000021],[123.62515324000003,13.90700773499998],[123.601371459,13.914215946000013],[123.59531687000003,13.945580165000024],[123.60667533499998,13.961758495000026],[123.62157817800005,13.938934263000021],[123.63470894199997,13.964772158000017],[123.65459029199997,13.945253659999992],[123.65823410999997,13.944107684000016],[123.66038060200003,13.946633233],[123.64427264899996,13.978375624000023]]],[[[123.51336809899999,13.978143924999983],[123.52661728700002,13.980579015999979],[123.51379405299997,13.971729208999989],[123.51336809899999,13.978143924999983]]],[[[123.55795851300002,13.993874875000017],[123.57365927700005,13.982667261000017],[123.58053611699995,13.986071826],[123.57512812499999,13.969203132000018],[123.55795851300002,13.993874875000017]]],[[[123.20760295000002,14.024315281999975],[123.22494760300003,14.026207150999994],[123.22441002000005,14.024814591999984],[123.20760295000002,14.024315281999975]]],[[[123.29043622799998,14.122259360999976],[123.32777847299997,14.11056437000002],[123.31813686999999,14.088780539000027],[123.29043622799998,14.122259360999976]]]]}},{"type":"Feature","properties":{"adm2_pcode":"PH05062","adm2_name":"Sorsogon","kind":"province","psgc":"PH05062"},"geometry":{"type":"MultiPolygon","coordinates":[[[[123.48226569999997,12.988444596000022],[123.54809213500005,13.024415271999999],[123.65382555500003,13.011533192000002],[123.71697340599997,13.040024103999997],[123.76896566799996,12.986402436999981],[123.85924674,13.040744483000026],[123.90767866600004,13.041755151000018],[123.92966708200004,13.122384485999987],[123.97210443999995,13.109337446999973],[124.08579288299995,13.000863423999988],[124.11379093999994,13.066069473000027],[124.18793988499999,13.066750101000025],[124.19831856200005,13.018549655000015],[124.15143330900003,12.997973628000011],[124.14263474500001,12.93450875100001],[124.11728623099998,12.908308454999997],[124.14856319800003,12.893048528000008],[124.13785756000004,12.873470946999987],[124.15078614000004,12.861391018999996],[124.15516663300002,12.860329675999992],[124.14850751100005,12.849245277000023],[124.14681764700003,12.84127842700002],[124.15581298799998,12.80878955999998],[124.13154628999996,12.733400383999992],[124.13395136700001,12.662158266999995],[124.09422315699999,12.63687966499998],[124.10983618499995,12.59457771000001],[124.08514802399998,12.58326622200002],[124.097645145,12.556532570000002],[124.08204310199994,12.556772798999987],[124.08050883099997,12.535881931999995],[124.043726193,12.532833566000022],[124.035597188,12.547985068000003],[124.02544928700001,12.534836848999987],[123.97462963299995,12.55387979599999],[123.93764942300004,12.599604866999982],[123.93885626899998,12.625296993999996],[123.91787070999999,12.618146388000014],[123.874714735,12.655680752000023],[123.83038406799994,12.827972688999978],[123.863870174,12.85942596000001],[123.85888877299999,12.867504879000023],[123.85910440299995,12.875797470999998],[123.92526756899997,12.844821548000027],[123.94533659900003,12.848620725999979],[123.94988661100001,12.876194911000027],[123.98621793799998,12.879832379999982],[123.98245537699995,12.875148819000003],[123.99011528999995,12.876996056999985],[123.98960136599999,12.864707259999989],[123.99770421400001,12.86172179099998],[124.04149647199995,12.925529277999999],[124.02262479900003,12.973013557999991],[123.96814899900005,12.954713486000003],[123.883608891,12.978543016000003],[123.88074357599999,12.934208910999985],[123.85522726800002,12.897953054000027],[123.83404806399994,12.904138267999997],[123.82932095299998,12.875660299000003],[123.81572458200003,12.890104748999988],[123.79611849699995,12.862809808999998],[123.75943497100002,12.880442152],[123.73615106700004,12.844990069000005],[123.731494742,12.869521567999982],[123.71011390499996,12.876091249000012],[123.741631751,12.885294339999973],[123.73443738900005,12.897656960000006],[123.70818868799995,12.883019052999998],[123.69187495899996,12.896934326000007],[123.70652119399995,12.87787941900001],[123.69257713900004,12.86509425600002],[123.67253667299997,12.908468660999972],[123.69645683600004,12.915095683999994],[123.71131235899998,12.941026869999973],[123.66213564300006,12.917684413000018],[123.65214763200004,12.870154706999983],[123.55596167800002,12.946082875999991],[123.52978984000003,12.937252102000002],[123.48226569999997,12.988444596000022]]],[[[123.88771162399996,12.869379544000026],[123.88896392000004,12.888333020000005],[123.90377831599994,12.868917570999997],[123.88771162399996,12.869379544000026]]],[[[123.82063061500003,12.817851399000006],[123.79138387299997,12.831842354000003],[123.79123258699997,12.836221787],[123.82682861900003,12.831451523999988],[123.82063061500003,12.817851399000006]]],[[[124.11781653699995,12.544287961000009],[124.10950476799997,12.555029682999987],[124.11751581800002,12.560676005999994],[124.11781653699995,12.544287961000009]]],[[[124.09253787299997,12.523813883999992],[124.09627588700005,12.543471489000012],[124.11171626400005,12.549401148000015],[124.10487131399998,12.529366730999982],[124.09253787299997,12.523813883999992]]]]}},{"type":"Feature","properties":{"adm2_pcode":"PH14001","adm2_name":"Abra","kind":"province","psgc":"PH14001"},"geometry":{"type":"Polygon","coordinates":[[[121.11067267299995,17.684892268999988],[121.08961726799998,17.655858248000015],[121.08918661099995,17.613666138999974],[121.11691022399998,17.586175561000005],[121.10902357500004,17.553992789999995],[121.06992636899997,17.547774893999986],[120.99545500299996,17.489607008000007],[120.99207446900004,17.400302742999997],[120.93785452199995,17.31544494299999],[120.91075900999999,17.213078085999996],[120.89104587700001,17.190818568999987],[120.78622417600002,17.158848836000004],[120.69162575799999,17.17272991599998],[120.67213393400004,17.192852723999977],[120.67840099499995,17.256838868999978],[120.61194929199996,17.302219217000015],[120.55901109000001,17.31166895199999],[120.53861061299995,17.343604766999988],[120.58889100399995,17.492162257000018],[120.46820501299999,17.493984281999985],[120.49781832400004,17.625130265999985],[120.57395835099999,17.789241161000007],[120.69086868800002,17.834579641999994],[120.72824914700004,17.892507978000026],[120.78375228200002,17.911236470999995],[120.833694659,17.959454283000014],[120.90997355399998,17.949925269999994],[120.931259985,17.97363597399999],[120.98468990699996,17.941749003999973],[121.00603194999997,17.84825976899998],[121.08274766500006,17.836208840999973],[121.11067267299995,17.684892268999988]]]}},{"type":"Feature","properties":{"adm2_pcode":"PH14011","adm2_name":"Benguet","kind":"province","psgc":"PH14011"},"geometry":{"type":"Polygon","coordinates":[[[120.78527385300004,16.921335006999982],[120.80120005000003,16.898765787000002],[120.84842670499995,16.901562986999977],[120.85674102600001,16.841856357999973],[120.89301445399997,16.82106441000002],[120.89432851799995,16.692844896999986],[120.92950614799997,16.60005354399999],[120.90440899500004,16.59535990400002],[120.89210972499995,16.558460226000022],[120.88942699999996,16.43607300000002],[120.86034722399995,16.353388911000025],[120.84552298100004,16.319500077999976],[120.80005260899998,16.304845743999977],[120.76896590800004,16.198033656999996],[120.62923698700001,16.180376652000007],[120.51182322199998,16.232201326999984],[120.49628202199995,16.34544155100002],[120.44461437400003,16.386129876999973],[120.46996988700005,16.424879315999988],[120.46734638999999,16.50270623900002],[120.51263136199998,16.55025784899999],[120.51785667800004,16.594691727999987],[120.59903624900005,16.738317934999998],[120.58601613200005,16.836661373000027],[120.61018355700003,16.840016965000018],[120.660077764,16.908990163999988],[120.78527385300004,16.921335006999982]]]}},{"type":"Feature","properties":{"adm2_pcode":"PH14027","adm2_name":"Ifugao","kind":"province","psgc":"PH14027"},"geometry":{"type":"Polygon","coordinates":[[[121.56750018100001,17.07905657499998],[121.56822243500005,16.90951153499998],[121.54887157899998,16.8736892],[121.52132233999998,16.838934767000012],[121.41951945100004,16.81746933400001],[121.35475491600005,16.774420588999988],[121.33917264000002,16.788470383000003],[121.31376456600003,16.69688291099999],[121.28837351599998,16.688370604],[121.29182229599996,16.659212346999993],[121.07213162599999,16.627830254000003],[120.983716533,16.569470823000017],[120.93233493800005,16.594647411999972],[120.89432851799995,16.692844896999986],[120.89301445399997,16.82106441000002],[120.98411000800002,16.984235071],[121.14536511100005,17.012346236999974],[121.244937618,17.005850699999996],[121.37322089999998,17.073493160999988],[121.56750018100001,17.07905657499998]]]}},{"type":"Feature","properties":{"adm2_pcode":"PH14032","adm2_name":"Kalinga","kind":"province","psgc":"PH14032"},"geometry":{"type":"Polygon","coordinates":[[[121.64723067800003,17.500483729999985],[121.629096215,17.41831997999998],[121.60608069199998,17.421432186000004],[121.58219454799996,17.35355906799998],[121.53870011499998,17.31726856199998],[121.53104489199995,17.268275603000006],[121.499901852,17.291565729000013],[121.41262482299999,17.289245627000014],[121.32720700599998,17.23124276499999],[121.29261164100001,17.244221853],[121.26042045199995,17.227466823999976],[121.24229936799998,17.189325601000007],[121.15978903099995,17.169494195000027],[121.10040385599996,17.18648738799999],[121.06882539599997,17.229444779999994],[120.91189962700003,17.248916925000003],[120.99207446900004,17.400302742999997],[120.99545500299996,17.489607008000007],[121.06992636899997,17.547774893999986],[121.10902357500004,17.553992789999995],[121.11691022399998,17.586175561000005],[121.08918661099995,17.613666138999974],[121.08961726799998,17.655858248000015],[121.11041045000002,17.68489202400002],[121.22482984400006,17.635552958000005],[121.26614798599996,17.683203897999988],[121.29578468900002,17.680417802000022],[121.29874457100004,17.656108373999984],[121.371178225,17.641694642999994],[121.436554892,17.693226159999995],[121.441869989,17.664542089000008],[121.47706405600002,17.668797368000014],[121.49661415900005,17.591042717999983],[121.599720091,17.54819507000002],[121.61420260299997,17.560316989],[121.64723067800003,17.500483729999985]]]}},{"type":"Feature","properties":{"adm2_pcode":"PH14044","adm2_name":"Mountain Province","kind":"province","psgc":"PH14044"},"geometry":{"type":"Polygon","coordinates":[[[121.53451524699994,17.269512453000004],[121.56243884100002,17.18535224499999],[121.56750018100001,17.07905657499998],[121.37322089999998,17.073493160999988],[121.244937618,17.005850699999996],[121.14536511100005,17.012346236999974],[120.993869969,16.989062895000018],[120.89301445399997,16.82106441000002],[120.85674102600001,16.841856357999973],[120.84842670499995,16.901562986999977],[120.80120005000003,16.898765787000002],[120.78527385300004,16.921335006999982],[120.77482395200002,17.108020993000025],[120.81235520500002,17.155871674000025],[120.80474638400005,17.171269784999993],[120.89104587700001,17.190818568999987],[120.91189962700003,17.248916925000003],[121.06882539599997,17.229444779999994],[121.10040385599996,17.18648738799999],[121.15978903099995,17.169494195000027],[121.24229936799998,17.189325601000007],[121.26042045199995,17.227466823999976],[121.29261164100001,17.244221853],[121.32720700599998,17.23124276499999],[121.41262482299999,17.289245627000014],[121.499901852,17.291565729000013],[121.53451524699994,17.269512453000004]]]}},{"type":"Feature","properties":{"adm2_pcode":"PH14081","adm2_name":"Apayao","kind":"province","psgc":"PH14081"},"geometry":{"type":"Polygon","coordinates":[[[121.436554892,17.693226159999995],[121.371178225,17.641694642999994],[121.29874457100004,17.656108373999984],[121.28444103300001,17.68369574899998],[121.22482984400006,17.635552958000005],[121.16960818099994,17.669752388000006],[121.12078558300004,17.674225222000018],[121.08099558499998,17.83902866599999],[121.00603194999997,17.84825976899998],[120.98722843300004,17.938800343000025],[120.931259985,17.97363597399999],[120.94694597099999,17.997094376000007],[120.92775030799999,18.020743286000027],[120.92814130399995,18.08819338500001],[120.97006946800002,18.181863920000012],[120.91666636100001,18.28456025600002],[120.94704360699996,18.420625793],[120.95867309799996,18.463202411999987],[121.002873797,18.46610564299999],[121.061365389,18.53919799099998],[121.09350099599999,18.54174591200001],[121.089064313,18.495391213999994],[121.11848091499996,18.543110653999975],[121.16923104299997,18.539120576000016],[121.1678637,18.52197765699998],[121.22208115399997,18.500580942],[121.22654139600002,18.436471329000028],[121.28555701000005,18.38853795199998],[121.480223206,18.30637117399999],[121.46462696399999,18.284910661000026],[121.48948360700001,18.23884498299998],[121.48469951899995,18.149101524000002],[121.460365465,18.124115905999986],[121.46035909600005,18.049410336999983],[121.42783799999995,18.035335404000023],[121.36446941600002,18.061619119],[121.31511820900005,17.97078315599998],[121.35706746300002,17.913196703999972],[121.30628577100003,17.814533245999996],[121.38829731500005,17.793630291],[121.436554892,17.693226159999995]]]}},{"type":"Feature","properties":{"adm2_pcode":"PH13NCR","adm2_name":"Metropolitan Manila (NCR)","kind":"province","psgc":"PH13NCR"},"geometry":{"type":"Polygon","coordinates":[[[121.10264856799995,14.527728514999978],[121.06217712199998,14.487713453000026],[121.05738450199999,14.378639584999974],[121.006891032,14.353943146000006],[121.00785481900004,14.390869810000027],[120.96595096500005,14.465177050000023],[120.98974183799999,14.50258601600001],[120.974211921,14.50810763200002],[120.98546445900001,14.562417100000005],[120.96305733500003,14.593822718000013],[120.95565542999998,14.57250510099999],[120.95386802400003,14.591119100000014],[120.96752885900003,14.595318969000004],[120.96677920699995,14.596419792000006],[120.94337158799999,14.594770830000016],[120.93279649299996,14.60289835399999],[120.95421043900001,14.601105147999988],[120.94776581500003,14.607689395000023],[120.94398652999996,14.617861197000025],[120.95633249800005,14.600722136000002],[120.96046718299999,14.600846681999997],[120.95929464699998,14.629373004000001],[120.942567908,14.631760681999992],[120.95787814000005,14.633648272000016],[120.90639761800003,14.700691280000001],[120.91841488700004,14.712960826000028],[120.943159455,14.689610097000013],[120.953127505,14.69424006700001],[120.92669637300003,14.735891320999997],[120.98298298400005,14.725317431999997],[120.98898521499996,14.757223791000001],[121.02402399100004,14.763034878999974],[121.03060207099998,14.784248398999978],[121.104914624,14.762656063000009],[121.13497179199999,14.776730444999998],[121.10670234300005,14.675499388999981],[121.13472785299996,14.654714042000023],[121.10187866499996,14.620657343000005],[121.10264856799995,14.527728514999978]]]}},{"type":"Feature","properties":{"kind":"municipality","psgc":"0205704000","name":"Maddela","area_sqkm":770.62,"valid_on":"2025-02-13","version":"v03"},"geometry":{"type":"MultiPolygon","coordinates":[[[[122.05880819100003,16.509254778000013],[122.05221958499999,16.501036726],[122.024890346,16.465353099000026],[122.01785299699998,16.457143836],[122.01083724,16.449351175],[121.99003922999998,16.425921895999977],[121.96723491499995,16.400232484000014],[121.961093204,16.391585696],[121.94121068499999,16.365891768999973],[121.93507266300003,16.35748872800002],[121.92814156500003,16.347999956000024],[121.92316237,16.341339032],[121.91766647099996,16.333986888000027],[121.90289792399994,16.314322068000024],[121.89353425499996,16.301854026],[121.87449418200003,16.28290768300002],[121.862826058,16.271396106999987],[121.84589590899998,16.249155589],[121.83937287100002,16.243122004999975],[121.82766355900003,16.233135635],[121.81960476300003,16.226225178],[121.78944418699996,16.233628982000027],[121.74343065799997,16.24461400299998],[121.74332142000003,16.24470234],[121.74338579000005,16.244874],[121.74336432999996,16.245067119999987],[121.74314976000005,16.24521732],[121.74287081,16.24543190000003],[121.74252748000004,16.24573231],[121.74237728000003,16.24583960000001],[121.74214125000003,16.24588251],[121.74192667,16.24614],[121.74169064,16.2463975],[121.74158335000004,16.246654990000025],[121.74132585999996,16.246955389999982],[121.74108981999996,16.2471056],[121.74093961999995,16.247234339999977],[121.74098253,16.24747037999998],[121.74081087000002,16.24757767],[121.74053191999997,16.24757767],[121.74033880000002,16.24736309000002],[121.73999547999995,16.247212890000014],[121.73967360999995,16.24736309000002],[121.73935174999997,16.247513289999972],[121.73892260000002,16.247599120000018],[121.73879384999998,16.24777079],[121.73872947999996,16.24800682],[121.73851490000004,16.248135569999988],[121.73823594999999,16.24828577],[121.73804283000004,16.24856472],[121.73778533999996,16.248779300000024],[121.73761367999998,16.249165530000028],[121.73744202,16.24942303],[121.73731326999996,16.24965906],[121.73701286000005,16.249916550000023],[121.73681973999999,16.2498951],[121.736691,16.250002380000012],[121.73664808,16.250195500000018],[121.73649788,16.250388620000024],[121.73628329999997,16.250495909999984],[121.73602581,16.25051737000001],[121.73578978,16.250538829999982],[121.73559666000006,16.25066757000002],[121.73525332999998,16.250710490000017],[121.73501729999998,16.25079632],[121.73486709999997,16.250925059999986],[121.73452377000001,16.25111818],[121.73428774000001,16.25126839],[121.73433064999995,16.251461510000013],[121.73430919999998,16.25163317],[121.73433064999995,16.251847740000017],[121.73443794000002,16.251955029999976],[121.73486709999997,16.25201941],[121.73499584000001,16.25216961000001],[121.73501729999998,16.252362730000016],[121.73516749999999,16.252470019999976],[121.73570395000002,16.252341269999988],[121.73583269000005,16.25244856],[121.735851368,16.252634947],[121.73579868700006,16.252880791999985],[121.73580746699997,16.253152978],[121.73562308299995,16.253346142999987],[121.73539479700003,16.253583208],[121.73505236999995,16.253767591999974],[121.73482408400002,16.25396953699999],[121.73469238099995,16.254268063999973],[121.73475384300002,16.254382206],[121.734815304,16.254636832000017],[121.734674821,16.254724634000013],[121.73452555799997,16.254715853999983],[121.73443775600003,16.254645612],[121.734244591,16.25454903000002],[121.734104108,16.254461228000025],[121.73388460299998,16.25425050299998],[121.73381436099999,16.254013438000015],[121.733533395,16.253908076000016],[121.73332267,16.253908076000016],[121.73315584600005,16.25392563600002],[121.73288365999997,16.253837834000024],[121.732751957,16.253750032000028],[121.73258513300004,16.25357442799998],[121.732251486,16.253548087000013],[121.73195295899995,16.253548087000013],[121.73177735499996,16.253407604000017],[121.73169833300005,16.253258341],[121.73139102599998,16.253144197999973],[121.73101347700003,16.253126638000026],[121.73078519199998,16.252994935],[121.73060080799996,16.25284567099999],[121.73041642400005,16.25286323199998],[121.73010911699998,16.252959814],[121.72984571100005,16.25291591299998],[121.72967010699995,16.252880791999985],[121.72949450299996,16.25287201200001],[121.72937158000002,16.25280177000002],[121.729116954,16.252951033999977],[121.72903793199998,16.253109076999976],[121.72904671200001,16.253354923000018],[121.72897647100001,16.25352174699998],[121.72885354799996,16.253609548999975],[121.72867794399997,16.253486625999983],[121.72836185699998,16.253302242000018],[121.72815991200002,16.253109076999976],[121.727940407,16.253065176],[121.72775602299998,16.253100297],[121.72756285800006,16.253214440000022],[121.72737847400003,16.25337248300002],[121.72719409000001,16.253618329],[121.726974585,16.253741252],[121.72680776100003,16.25391685599999],[121.72650045399996,16.254180261999977],[121.72618436699997,16.254294404],[121.72585949999996,16.254355866000026],[121.72566633500003,16.254478789000018],[121.72542049000003,16.25454025],[121.72506050100003,16.254513909000025],[121.72471807299996,16.254470008],[121.72448978800003,16.254399767],[121.72433174499997,16.254373425999972],[121.72416492100001,16.254522689999988],[121.72398931700002,16.254663172999983],[121.723840053,16.25482121700003],[121.72357664699996,16.254961700000024],[121.71900188200004,16.25513299],[121.71886722099998,16.25554538900002],[121.717911189,16.255831473],[121.71742004600003,16.255975927],[121.71691445700003,16.255874810000023],[121.71691445700003,16.255513674999975],[121.71687112100005,16.255138095],[121.71674111200002,16.25479140599998],[121.71665443999996,16.254560278999975],[121.71624996900005,16.254358044000014],[121.71593217099996,16.254430271],[121.715556591,16.25428581699998],[121.71533991000001,16.254242481],[121.71503655699996,16.254242481],[121.71457430400005,16.25398246399999],[121.71424205999995,16.253881346000014],[121.71399648900001,16.253736892],[121.71390981699994,16.25357799300002],[121.71359201799999,16.25353465699999],[121.71317310200004,16.25353465699999],[121.71297086599998,16.253433539000014],[121.71271084900002,16.253332422000028],[121.71250861399994,16.253245748999973],[121.71236416,16.25336131199998],[121.711974135,16.253375758],[121.711641891,16.253231304],[121.71138187400004,16.253144631],[121.71103518400002,16.252927951],[121.71060182300005,16.252451253],[121.71039958699998,16.25220568100002],[121.71029847,16.251830101],[121.71019735200002,16.25136784900002],[121.71006734399998,16.251064496000026],[121.70972065399997,16.250761142999977],[121.70944619199997,16.25048668],[121.70912839300001,16.250428898999985],[121.70892615800005,16.250385563],[121.70876725899996,16.250241109],[121.70888282199996,16.249995537000018],[121.70899838499997,16.249749966000024],[121.70896949400003,16.249533284999984],[121.70892615800005,16.249287713],[121.70876725899996,16.249157705000016],[121.70849279599997,16.249215486000026],[121.70824722500004,16.249273268000024],[121.70798720799996,16.249258822],[121.70764051900005,16.249186595000026],[121.70723604800003,16.249186595000026],[121.70690380400004,16.249432167],[121.70681713099998,16.249764411],[121.70664378699996,16.249952200999985],[121.706325988,16.250226662999978],[121.705935963,16.250313335999977],[121.70532925700002,16.250400007999986],[121.70515494100005,16.25081986700002],[121.70489434900003,16.251080458],[121.70466441500002,16.251049801000022],[121.70437316599998,16.250727892999976],[121.70407250799997,16.250313335999977],[121.70374026399998,16.250342225999987],[121.70348024700002,16.25044334400002],[121.70323467499998,16.250501126000017],[121.702859095,16.250457789],[121.70252685100002,16.250371116999986],[121.70207904400002,16.250371116999986],[121.70153012000003,16.250457789],[121.70086563200005,16.250631134],[121.700504497,16.250905596],[121.70036004300005,16.25115116799998],[121.69997001800004,16.251642311000012],[121.69997001800004,16.252003446],[121.69998446299996,16.252407917000028],[121.69989779100001,16.252783497],[121.69952221100004,16.253014623000013],[121.698886614,16.25350576599999],[121.698265462,16.253794674],[121.69758652899998,16.25431470799998],[121.69715316700001,16.254603616],[121.69710983100003,16.254820296],[121.697210949,16.255094758999974],[121.69172961499999,16.261329612999987],[121.68510396600004,16.26522137799998],[121.66812241800005,16.270372869000028],[121.66769844099997,16.269369583000014],[121.66636643000004,16.26749490100002],[121.66478774999996,16.26631089099999],[121.66286373399998,16.264090872],[121.66191502900006,16.262828626999976],[121.66180805700003,16.262738558000024],[121.66003477100003,16.263569924000024],[121.65903557599995,16.263975988000027],[121.65794855499996,16.264283034000016],[121.65719403499997,16.264491824],[121.65669526299996,16.264442767],[121.65289678600004,16.26597032],[121.65236480399994,16.268503985],[121.64712627200004,16.27192174100003],[121.646715233,16.27357744],[121.64103923799996,16.273680472000024],[121.63865731700002,16.27306497799998],[121.63863012499996,16.273167704],[121.63846999299994,16.273376177999978],[121.63837028900002,16.273506096],[121.63806210999996,16.273787082000013],[121.637665116,16.27402695],[121.63732187799997,16.274288626999976],[121.63708621299998,16.274681403999978],[121.63697744399997,16.274744852000026],[121.63661814700004,16.274919953],[121.63629481800001,16.27493535000002],[121.635961695,16.274879630999976],[121.63578338599996,16.27476778],[121.63559349499997,16.274724901000013],[121.63663818099997,16.28271136799998],[121.62316942799998,16.283866193],[121.61843463100001,16.284235973000023],[121.61789348900004,16.28482670300002],[121.61724393600002,16.285512342],[121.61535210900001,16.285672111999986],[121.61410443,16.285512342],[121.60788915800003,16.284690782999974],[121.60584067399998,16.283094561999974],[121.60266508200004,16.281759369999975],[121.60143814800006,16.281218076000016],[121.59844298799999,16.280785040000012],[121.595989121,16.280821127000024],[121.59386003099996,16.280821127000024],[121.54104691600003,16.284706183000026],[121.52298837700005,16.285947495000016],[121.49910407899995,16.287791595999977],[121.50107912800001,16.290807095],[121.50161006899998,16.291667475999986],[121.50253147599994,16.294117405],[121.50375844799999,16.297801511999978],[121.50524615100005,16.30196542599998],[121.50614580599995,16.303762888999984],[121.50852851499997,16.305915947000017],[121.51065925700004,16.30908195799998],[121.51088423800002,16.312609516],[121.51135969100005,16.314461188],[121.51270171299996,16.314791764],[121.51334561199997,16.315176404],[121.51515699599997,16.31623565199999],[121.517544177,16.317837952],[121.520345797,16.319933161999984],[121.52233868999997,16.320920186000023],[121.52314370500005,16.322605894],[121.52339550700003,16.323980732],[121.52439399699995,16.32676892500001],[121.52462527800003,16.32745679200002],[121.52500892299997,16.32871908499999],[121.52600923800003,16.32991702100003],[121.525751711,16.330823884999973],[121.52608100199996,16.332168548000027],[121.52633833300001,16.332808355],[121.52654369100003,16.333839303],[121.52680971999996,16.335953275],[121.52759339299996,16.338927598999987],[121.52834402300005,16.34005988299998],[121.52843767000002,16.34150723800002],[121.52938525000002,16.34407320600002],[121.52942240200002,16.344720607],[121.52937572200005,16.345337869],[121.52935091200004,16.34567122200002],[121.529525649,16.346198225000023],[121.52959259900001,16.346458478999978],[121.52945723200003,16.346875489000013],[121.52930007299994,16.347161991],[121.52893944799996,16.347366361000013],[121.52865837499996,16.34764285],[121.52833676600005,16.347940431999973],[121.52798204700002,16.348291761999974],[121.56417131,16.347527500000012],[121.56419276999998,16.347634789999972],[121.56421422999995,16.34772062000002],[121.56423569000003,16.347785],[121.56421422999995,16.34797812],[121.56425714,16.34817123],[121.56432152000002,16.34825705999998],[121.56440735000001,16.34827852],[121.56457900999999,16.34829997999998],[121.56472921,16.348342899999977],[121.56481503999998,16.348428730000023],[121.56485796000004,16.348514560000012],[121.56490087999998,16.348578929999974],[121.56494379000003,16.34868622],[121.56500816000005,16.34879351],[121.56513690999998,16.348814960000027],[121.56526566000002,16.34875059],[121.56541586000003,16.34875059],[121.56554460999996,16.34877204999998],[121.56565189000003,16.348814960000027],[121.56569480999997,16.34887934],[121.56582355,16.348943710000015],[121.56588793000003,16.348943710000015],[121.56601666999995,16.348900790000016],[121.56616687999997,16.348900790000016],[121.56629562,16.34907246],[121.56638145,16.349201199999982],[121.56646729,16.34922266],[121.56655311999998,16.34922266],[121.56672477999996,16.349329950000026],[121.56678914999998,16.349329950000026],[121.56693934999998,16.349437239999986],[121.56702517999997,16.349480149999977],[121.56711101999997,16.34958744],[121.56726121999998,16.34965181000001],[121.56741141999998,16.34975910000003],[121.56751870999994,16.34982347],[121.56773328999998,16.349952219999977],[121.56786203000001,16.35001659],[121.56801224000003,16.35005951],[121.56814097999995,16.350123880000012],[121.56826973,16.35016680000001],[121.56833410000002,16.35018825999998],[121.56841993,16.35018825999998],[121.56854868000005,16.350123880000012],[121.56869888000006,16.35005951],[121.56882762999999,16.35005951],[121.56891345999998,16.350102419999985],[121.56897783,16.350145339999983],[121.56917094999994,16.350359920000017],[121.56923531999996,16.35044575],[121.56927824000002,16.350510120000024],[121.56934261000004,16.350617409999984],[121.5694499,16.350703239999973],[121.56951427000001,16.35076761],[121.56960011000001,16.3508749],[121.56966448000003,16.350982190000025],[121.56968594,16.351025100000015],[121.56968594,16.351068020000014],[121.56972885000005,16.351132389999975],[121.56975031000002,16.351175309999974],[121.56977176999999,16.35126114000002],[121.56979321999995,16.35130405000001],[121.56983614,16.35138988],[121.56985759999998,16.3514328],[121.56994342999997,16.351497170000016],[121.57000779999998,16.351518629999987],[121.57007217,16.351561549999985],[121.57011508999994,16.351583],[121.570158,16.351604459999976],[121.57024383999999,16.35162592],[121.57066708100001,16.351816590999988],[121.57073913700003,16.352050772999974],[121.57097332,16.352230913000028],[121.57117147400004,16.352438075],[121.57127955800001,16.352672257],[121.57143267699996,16.352843389999975],[121.57153175400003,16.353023529999973],[121.57168487399997,16.353419839000026],[121.571702888,16.353572957999972],[121.57183799300003,16.353735084],[121.57202714000005,16.354068343999984],[121.57221628699995,16.354266498000015],[121.57281075000003,16.35483394],[121.57307195299995,16.35497805199998],[121.57319805199995,16.355077129],[121.57332414999996,16.35508613600001],[121.57354932500004,16.355122164000022],[121.57361237400005,16.355248261999975],[121.57363939499999,16.355374359999985],[121.573765493,16.35568059899998],[121.57390059800002,16.355815704],[121.57433293500003,16.35598683699999],[121.57479229299997,16.356130948999976],[121.57531469900005,16.356320096],[121.57552186099997,16.356500236999977],[121.57567498000003,16.356635342],[121.57644057599998,16.356815482],[121.576692772,16.356932573],[121.576809863,16.357058671],[121.57699901,16.35719377700002],[121.57732326300004,16.357319874999973],[121.57759347299998,16.35763512],[121.57798077500001,16.35779724600002],[121.57811588000004,16.357986394000022],[121.57814290099998,16.35816653400002],[121.57798978200003,16.358238589999985],[121.577854677,16.358157527],[121.57771957099999,16.358238589999985],[121.57780964100004,16.358400716],[121.577889164,16.358538797999984],[121.61615259500002,16.373959489000015],[121.61784815399994,16.374630567],[121.63149943500002,16.381495156000028],[121.648079918,16.389843053999982],[121.65551234099996,16.393557284999986],[121.662988036,16.39816946000002],[121.663424868,16.398465064999982],[121.663329159,16.40408710600002],[121.670396256,16.410104236],[121.67459863800002,16.414297633],[121.68189296000003,16.415531628],[121.68416588100001,16.415938875999984],[121.68783406900002,16.419112505999976],[121.68779858200003,16.419275813000013],[121.687988904,16.419453009999984],[121.68819891600003,16.41964989600001],[121.68837611200001,16.419695836000017],[121.68848768099997,16.41982052999998],[121.68855330899999,16.420096170000022],[121.68846142999996,16.420148671999982],[121.68833017300005,16.420253678],[121.688015156,16.420279929],[121.687654199,16.420365246000017],[121.68741137400002,16.420384935000016],[121.68713573399998,16.420338995],[121.68707010499998,16.42050306599998],[121.68703072799997,16.420765580000023],[121.686984101,16.420918858],[121.68706535800004,16.421162628],[121.68725689200005,16.421325142],[121.68766317500001,16.42135996600001],[121.68783729699999,16.421429615000022],[121.68790114199999,16.421539892],[121.68810428300003,16.421679188999974],[121.68822616800003,16.421806877999984],[121.68824358100005,16.421969391],[121.68817393200004,16.422201554000026],[121.68800561399996,16.422277006],[121.687843101,16.422259594000025],[121.68766317500001,16.422178337],[121.68737297300004,16.422178337],[121.687169831,16.422317635000013],[121.686926061,16.422503364000022],[121.68682158800004,16.42268909400002],[121.68686802000002,16.42287482400002],[121.68703053399997,16.423048945],[121.68731493200005,16.423089574000016],[121.687657371,16.423072161999983],[121.68788953299998,16.423043141],[121.68855406,16.422888305000015],[121.68869629699998,16.422857411999985],[121.68950306,16.42275293900002],[121.689752634,16.42284580400002],[121.689880324,16.422990905],[121.68994997200002,16.423205655],[121.68997318799995,16.42338558],[121.68971200600004,16.423849905],[121.68970039800001,16.424018221999972],[121.68983389100003,16.424291013000015],[121.68987451999999,16.42454639099998],[121.68979326299996,16.424772749],[121.68979326299996,16.424964283],[121.68989193200002,16.425109384],[121.69007766100003,16.42525448599997],[121.69026339100003,16.425312526000027],[121.69041429699996,16.425231269],[121.69047233699996,16.424912045999974],[121.69051296500004,16.424528979],[121.69058261400005,16.42443031],[121.69084960099997,16.42439548599998],[121.69112239100002,16.424465134],[121.69131972900004,16.424587019],[121.691418398,16.424732120999977],[121.691482242,16.424883025999975],[121.70186945199998,16.44534454],[121.70720040900005,16.43999083099999],[121.71641132900004,16.43001037800002],[121.71825645499996,16.426748909000025],[121.72461886600001,16.415500345],[121.73038909499996,16.40904310899998],[121.73400277200005,16.405350247],[121.73585852600002,16.406203659000028],[121.73641209300001,16.40554828400002],[121.73803767100003,16.403922706],[121.73854340599996,16.403380846],[121.73922976100005,16.402441624],[121.73977162000006,16.401935888000025],[121.74045195500003,16.401743227],[121.741029938,16.401719145000015],[121.74175241700004,16.401791393],[121.74264347500002,16.401502401000016],[121.74353453200001,16.401068914],[121.74447375499994,16.39969620300002],[121.745075821,16.39774551],[121.74555747299996,16.395818899],[121.74534072999995,16.39408494899999],[121.74500357299996,16.393169809000028],[121.765611325,16.400343710000016],[121.792864915,16.408780794999984],[121.79306252499998,16.409050863],[121.79331283199997,16.409294581999973],[121.79364876900001,16.409551475],[121.79395177100002,16.409841303],[121.79426135999995,16.410210174999975],[121.79475538500003,16.41088863599998],[121.79517036699997,16.411606619999986],[121.79544043400006,16.412291668000023],[121.795605109,16.41279228000002],[121.79568415300002,16.413292893],[121.79588835000004,16.413859375000015],[121.79612548199998,16.414471966],[121.79632309199997,16.414761794000015],[121.79679735599996,16.415005512999983],[121.79715305399998,16.41520971099999],[121.79749557900004,16.41538756],[121.79774588500004,16.415578583000013],[121.79800277799995,16.415835475999984],[121.79819380100002,16.416118717000018],[121.79857333999996,16.416483401],[121.79901436600005,16.416634278],[121.79936254300003,16.41686639699998],[121.79978035700003,16.41709851500002],[121.80026780599997,16.417423481000014],[121.80059177500004,16.417749977000028],[121.84484834499995,16.434456705],[121.86442130399996,16.441801641999973],[121.87118596200003,16.444032837],[121.88729434000004,16.449180033],[121.963870541,16.484835325],[122.01773371299998,16.517024527],[122.05880819100003,16.509254778000013]]]]}}],"attribution":"Administrative boundaries from UN OCHA Philippines COD-AB (phl_admin_boundaries.gdb.zip, v03, valid_on 2025-02-13), CC BY-IGO 3.0; simplified for web display by BetterMaddela.","license":"CC BY-IGO 3.0","licenseUrl":"https://creativecommons.org/licenses/by/3.0/igo/legalcode","sourceUrl":"https://data.humdata.org/dataset/cod-ab-phl","generatedAt":"2026-08-29","note":"Mainland Luzon province context for the Maddela locator: Regions I, III, IV-A, V (mainland provinces), Cordillera Administrative Region, and NCR (four district polygons merged into one), plus the Maddela municipality feature reused from maddela-boundaries-codab.geojson. Batanes, Catanduanes, and Masbate island provinces are excluded as owner-directed scope. Simplified from the OCHA COD-AB geodatabase with Douglas-Peucker (1px at 200px width). Stylized web rendering; not an official survey boundary."}