{"type":"FeatureCollection","attribution":"Administrative boundaries from UN OCHA Philippines COD-AB (phl_admin_boundaries.gdb.zip, v03, valid_on 2025-02-13), CC BY-IGO 3.0; simplified for web display by BetterMaddela.","license":"CC BY-IGO 3.0","licenseUrl":"https://creativecommons.org/licenses/by/3.0/igo/legalcode","sourceUrl":"https://data.humdata.org/dataset/cod-ab-phl","generatedAt":"2026-08-29","note":"Stylized web rendering; not an official survey boundary. Simplified from the OCHA COD-AB geodatabase with Douglas-Peucker (1px at 640px width).","features":[{"type":"Feature","properties":{"kind":"municipality","psgc":"0205704000","name":"Maddela","area_sqkm":770.62,"valid_on":"2025-02-13","version":"v03"},"geometry":{"type":"MultiPolygon","coordinates":[[[[122.05880819100003,16.509254778000013],[122.05221958499999,16.501036726],[122.024890346,16.465353099000026],[122.01785299699998,16.457143836],[122.01083724,16.449351175],[121.99003922999998,16.425921895999977],[121.96723491499995,16.400232484000014],[121.961093204,16.391585696],[121.94121068499999,16.365891768999973],[121.93507266300003,16.35748872800002],[121.92814156500003,16.347999956000024],[121.92316237,16.341339032],[121.91766647099996,16.333986888000027],[121.90289792399994,16.314322068000024],[121.89353425499996,16.301854026],[121.87449418200003,16.28290768300002],[121.862826058,16.271396106999987],[121.84589590899998,16.249155589],[121.83937287100002,16.243122004999975],[121.82766355900003,16.233135635],[121.81960476300003,16.226225178],[121.78944418699996,16.233628982000027],[121.74343065799997,16.24461400299998],[121.74332142000003,16.24470234],[121.74338579000005,16.244874],[121.74336432999996,16.245067119999987],[121.74314976000005,16.24521732],[121.74287081,16.24543190000003],[121.74252748000004,16.24573231],[121.74237728000003,16.24583960000001],[121.74214125000003,16.24588251],[121.74192667,16.24614],[121.74169064,16.2463975],[121.74158335000004,16.246654990000025],[121.74132585999996,16.246955389999982],[121.74108981999996,16.2471056],[121.74093961999995,16.247234339999977],[121.74098253,16.24747037999998],[121.74081087000002,16.24757767],[121.74053191999997,16.24757767],[121.74033880000002,16.24736309000002],[121.73999547999995,16.247212890000014],[121.73967360999995,16.24736309000002],[121.73935174999997,16.247513289999972],[121.73892260000002,16.247599120000018],[121.73879384999998,16.24777079],[121.73872947999996,16.24800682],[121.73851490000004,16.248135569999988],[121.73823594999999,16.24828577],[121.73804283000004,16.24856472],[121.73778533999996,16.248779300000024],[121.73761367999998,16.249165530000028],[121.73744202,16.24942303],[121.73731326999996,16.24965906],[121.73701286000005,16.249916550000023],[121.73681973999999,16.2498951],[121.736691,16.250002380000012],[121.73664808,16.250195500000018],[121.73649788,16.250388620000024],[121.73628329999997,16.250495909999984],[121.73602581,16.25051737000001],[121.73578978,16.250538829999982],[121.73559666000006,16.25066757000002],[121.73525332999998,16.250710490000017],[121.73501729999998,16.25079632],[121.73486709999997,16.250925059999986],[121.73452377000001,16.25111818],[121.73428774000001,16.25126839],[121.73433064999995,16.251461510000013],[121.73430919999998,16.25163317],[121.73433064999995,16.251847740000017],[121.73443794000002,16.251955029999976],[121.73486709999997,16.25201941],[121.73499584000001,16.25216961000001],[121.73501729999998,16.252362730000016],[121.73516749999999,16.252470019999976],[121.73570395000002,16.252341269999988],[121.73583269000005,16.25244856],[121.735851368,16.252634947],[121.73579868700006,16.252880791999985],[121.73580746699997,16.253152978],[121.73562308299995,16.253346142999987],[121.73539479700003,16.253583208],[121.73505236999995,16.253767591999974],[121.73482408400002,16.25396953699999],[121.73469238099995,16.254268063999973],[121.73475384300002,16.254382206],[121.734815304,16.254636832000017],[121.734674821,16.254724634000013],[121.73452555799997,16.254715853999983],[121.73443775600003,16.254645612],[121.734244591,16.25454903000002],[121.734104108,16.254461228000025],[121.73388460299998,16.25425050299998],[121.73381436099999,16.254013438000015],[121.733533395,16.253908076000016],[121.73332267,16.253908076000016],[121.73315584600005,16.25392563600002],[121.73288365999997,16.253837834000024],[121.732751957,16.253750032000028],[121.73258513300004,16.25357442799998],[121.732251486,16.253548087000013],[121.73195295899995,16.253548087000013],[121.73177735499996,16.253407604000017],[121.73169833300005,16.253258341],[121.73139102599998,16.253144197999973],[121.73101347700003,16.253126638000026],[121.73078519199998,16.252994935],[121.73060080799996,16.25284567099999],[121.73041642400005,16.25286323199998],[121.73010911699998,16.252959814],[121.72984571100005,16.25291591299998],[121.72967010699995,16.252880791999985],[121.72949450299996,16.25287201200001],[121.72937158000002,16.25280177000002],[121.729116954,16.252951033999977],[121.72903793199998,16.253109076999976],[121.72904671200001,16.253354923000018],[121.72897647100001,16.25352174699998],[121.72885354799996,16.253609548999975],[121.72867794399997,16.253486625999983],[121.72836185699998,16.253302242000018],[121.72815991200002,16.253109076999976],[121.727940407,16.253065176],[121.72775602299998,16.253100297],[121.72756285800006,16.253214440000022],[121.72737847400003,16.25337248300002],[121.72719409000001,16.253618329],[121.726974585,16.253741252],[121.72680776100003,16.25391685599999],[121.72650045399996,16.254180261999977],[121.72618436699997,16.254294404],[121.72585949999996,16.254355866000026],[121.72566633500003,16.254478789000018],[121.72542049000003,16.25454025],[121.72506050100003,16.254513909000025],[121.72471807299996,16.254470008],[121.72448978800003,16.254399767],[121.72433174499997,16.254373425999972],[121.72416492100001,16.254522689999988],[121.72398931700002,16.254663172999983],[121.723840053,16.25482121700003],[121.72357664699996,16.254961700000024],[121.71900188200004,16.25513299],[121.71886722099998,16.25554538900002],[121.717911189,16.255831473],[121.71742004600003,16.255975927],[121.71691445700003,16.255874810000023],[121.71691445700003,16.255513674999975],[121.71687112100005,16.255138095],[121.71674111200002,16.25479140599998],[121.71665443999996,16.254560278999975],[121.71624996900005,16.254358044000014],[121.71593217099996,16.254430271],[121.715556591,16.25428581699998],[121.71533991000001,16.254242481],[121.71503655699996,16.254242481],[121.71457430400005,16.25398246399999],[121.71424205999995,16.253881346000014],[121.71399648900001,16.253736892],[121.71390981699994,16.25357799300002],[121.71359201799999,16.25353465699999],[121.71317310200004,16.25353465699999],[121.71297086599998,16.253433539000014],[121.71271084900002,16.253332422000028],[121.71250861399994,16.253245748999973],[121.71236416,16.25336131199998],[121.711974135,16.253375758],[121.711641891,16.253231304],[121.71138187400004,16.253144631],[121.71103518400002,16.252927951],[121.71060182300005,16.252451253],[121.71039958699998,16.25220568100002],[121.71029847,16.251830101],[121.71019735200002,16.25136784900002],[121.71006734399998,16.251064496000026],[121.70972065399997,16.250761142999977],[121.70944619199997,16.25048668],[121.70912839300001,16.250428898999985],[121.70892615800005,16.250385563],[121.70876725899996,16.250241109],[121.70888282199996,16.249995537000018],[121.70899838499997,16.249749966000024],[121.70896949400003,16.249533284999984],[121.70892615800005,16.249287713],[121.70876725899996,16.249157705000016],[121.70849279599997,16.249215486000026],[121.70824722500004,16.249273268000024],[121.70798720799996,16.249258822],[121.70764051900005,16.249186595000026],[121.70723604800003,16.249186595000026],[121.70690380400004,16.249432167],[121.70681713099998,16.249764411],[121.70664378699996,16.249952200999985],[121.706325988,16.250226662999978],[121.705935963,16.250313335999977],[121.70532925700002,16.250400007999986],[121.70515494100005,16.25081986700002],[121.70489434900003,16.251080458],[121.70466441500002,16.251049801000022],[121.70437316599998,16.250727892999976],[121.70407250799997,16.250313335999977],[121.70374026399998,16.250342225999987],[121.70348024700002,16.25044334400002],[121.70323467499998,16.250501126000017],[121.702859095,16.250457789],[121.70252685100002,16.250371116999986],[121.70207904400002,16.250371116999986],[121.70153012000003,16.250457789],[121.70086563200005,16.250631134],[121.700504497,16.250905596],[121.70036004300005,16.25115116799998],[121.69997001800004,16.251642311000012],[121.69997001800004,16.252003446],[121.69998446299996,16.252407917000028],[121.69989779100001,16.252783497],[121.69952221100004,16.253014623000013],[121.698886614,16.25350576599999],[121.698265462,16.253794674],[121.69758652899998,16.25431470799998],[121.69715316700001,16.254603616],[121.69710983100003,16.254820296],[121.697210949,16.255094758999974],[121.69172961499999,16.261329612999987],[121.68510396600004,16.26522137799998],[121.66812241800005,16.270372869000028],[121.66769844099997,16.269369583000014],[121.66636643000004,16.26749490100002],[121.66478774999996,16.26631089099999],[121.66286373399998,16.264090872],[121.66191502900006,16.262828626999976],[121.66180805700003,16.262738558000024],[121.66003477100003,16.263569924000024],[121.65903557599995,16.263975988000027],[121.65794855499996,16.264283034000016],[121.65719403499997,16.264491824],[121.65669526299996,16.264442767],[121.65289678600004,16.26597032],[121.65236480399994,16.268503985],[121.64712627200004,16.27192174100003],[121.646715233,16.27357744],[121.64103923799996,16.273680472000024],[121.63865731700002,16.27306497799998],[121.63863012499996,16.273167704],[121.63846999299994,16.273376177999978],[121.63837028900002,16.273506096],[121.63806210999996,16.273787082000013],[121.637665116,16.27402695],[121.63732187799997,16.274288626999976],[121.63708621299998,16.274681403999978],[121.63697744399997,16.274744852000026],[121.63661814700004,16.274919953],[121.63629481800001,16.27493535000002],[121.635961695,16.274879630999976],[121.63578338599996,16.27476778],[121.63559349499997,16.274724901000013],[121.63663818099997,16.28271136799998],[121.62316942799998,16.283866193],[121.61843463100001,16.284235973000023],[121.61789348900004,16.28482670300002],[121.61724393600002,16.285512342],[121.61535210900001,16.285672111999986],[121.61410443,16.285512342],[121.60788915800003,16.284690782999974],[121.60584067399998,16.283094561999974],[121.60266508200004,16.281759369999975],[121.60143814800006,16.281218076000016],[121.59844298799999,16.280785040000012],[121.595989121,16.280821127000024],[121.59386003099996,16.280821127000024],[121.54104691600003,16.284706183000026],[121.52298837700005,16.285947495000016],[121.49910407899995,16.287791595999977],[121.50107912800001,16.290807095],[121.50161006899998,16.291667475999986],[121.50253147599994,16.294117405],[121.50375844799999,16.297801511999978],[121.50524615100005,16.30196542599998],[121.50614580599995,16.303762888999984],[121.50852851499997,16.305915947000017],[121.51065925700004,16.30908195799998],[121.51088423800002,16.312609516],[121.51135969100005,16.314461188],[121.51270171299996,16.314791764],[121.51334561199997,16.315176404],[121.51515699599997,16.31623565199999],[121.517544177,16.317837952],[121.520345797,16.319933161999984],[121.52233868999997,16.320920186000023],[121.52314370500005,16.322605894],[121.52339550700003,16.323980732],[121.52439399699995,16.32676892500001],[121.52462527800003,16.32745679200002],[121.52500892299997,16.32871908499999],[121.52600923800003,16.32991702100003],[121.525751711,16.330823884999973],[121.52608100199996,16.332168548000027],[121.52633833300001,16.332808355],[121.52654369100003,16.333839303],[121.52680971999996,16.335953275],[121.52759339299996,16.338927598999987],[121.52834402300005,16.34005988299998],[121.52843767000002,16.34150723800002],[121.52938525000002,16.34407320600002],[121.52942240200002,16.344720607],[121.52937572200005,16.345337869],[121.52935091200004,16.34567122200002],[121.529525649,16.346198225000023],[121.52959259900001,16.346458478999978],[121.52945723200003,16.346875489000013],[121.52930007299994,16.347161991],[121.52893944799996,16.347366361000013],[121.52865837499996,16.34764285],[121.52833676600005,16.347940431999973],[121.52798204700002,16.348291761999974],[121.56417131,16.347527500000012],[121.56419276999998,16.347634789999972],[121.56421422999995,16.34772062000002],[121.56423569000003,16.347785],[121.56421422999995,16.34797812],[121.56425714,16.34817123],[121.56432152000002,16.34825705999998],[121.56440735000001,16.34827852],[121.56457900999999,16.34829997999998],[121.56472921,16.348342899999977],[121.56481503999998,16.348428730000023],[121.56485796000004,16.348514560000012],[121.56490087999998,16.348578929999974],[121.56494379000003,16.34868622],[121.56500816000005,16.34879351],[121.56513690999998,16.348814960000027],[121.56526566000002,16.34875059],[121.56541586000003,16.34875059],[121.56554460999996,16.34877204999998],[121.56565189000003,16.348814960000027],[121.56569480999997,16.34887934],[121.56582355,16.348943710000015],[121.56588793000003,16.348943710000015],[121.56601666999995,16.348900790000016],[121.56616687999997,16.348900790000016],[121.56629562,16.34907246],[121.56638145,16.349201199999982],[121.56646729,16.34922266],[121.56655311999998,16.34922266],[121.56672477999996,16.349329950000026],[121.56678914999998,16.349329950000026],[121.56693934999998,16.349437239999986],[121.56702517999997,16.349480149999977],[121.56711101999997,16.34958744],[121.56726121999998,16.34965181000001],[121.56741141999998,16.34975910000003],[121.56751870999994,16.34982347],[121.56773328999998,16.349952219999977],[121.56786203000001,16.35001659],[121.56801224000003,16.35005951],[121.56814097999995,16.350123880000012],[121.56826973,16.35016680000001],[121.56833410000002,16.35018825999998],[121.56841993,16.35018825999998],[121.56854868000005,16.350123880000012],[121.56869888000006,16.35005951],[121.56882762999999,16.35005951],[121.56891345999998,16.350102419999985],[121.56897783,16.350145339999983],[121.56917094999994,16.350359920000017],[121.56923531999996,16.35044575],[121.56927824000002,16.350510120000024],[121.56934261000004,16.350617409999984],[121.5694499,16.350703239999973],[121.56951427000001,16.35076761],[121.56960011000001,16.3508749],[121.56966448000003,16.350982190000025],[121.56968594,16.351025100000015],[121.56968594,16.351068020000014],[121.56972885000005,16.351132389999975],[121.56975031000002,16.351175309999974],[121.56977176999999,16.35126114000002],[121.56979321999995,16.35130405000001],[121.56983614,16.35138988],[121.56985759999998,16.3514328],[121.56994342999997,16.351497170000016],[121.57000779999998,16.351518629999987],[121.57007217,16.351561549999985],[121.57011508999994,16.351583],[121.570158,16.351604459999976],[121.57024383999999,16.35162592],[121.57066708100001,16.351816590999988],[121.57073913700003,16.352050772999974],[121.57097332,16.352230913000028],[121.57117147400004,16.352438075],[121.57127955800001,16.352672257],[121.57143267699996,16.352843389999975],[121.57153175400003,16.353023529999973],[121.57168487399997,16.353419839000026],[121.571702888,16.353572957999972],[121.57183799300003,16.353735084],[121.57202714000005,16.354068343999984],[121.57221628699995,16.354266498000015],[121.57281075000003,16.35483394],[121.57307195299995,16.35497805199998],[121.57319805199995,16.355077129],[121.57332414999996,16.35508613600001],[121.57354932500004,16.355122164000022],[121.57361237400005,16.355248261999975],[121.57363939499999,16.355374359999985],[121.573765493,16.35568059899998],[121.57390059800002,16.355815704],[121.57433293500003,16.35598683699999],[121.57479229299997,16.356130948999976],[121.57531469900005,16.356320096],[121.57552186099997,16.356500236999977],[121.57567498000003,16.356635342],[121.57644057599998,16.356815482],[121.576692772,16.356932573],[121.576809863,16.357058671],[121.57699901,16.35719377700002],[121.57732326300004,16.357319874999973],[121.57759347299998,16.35763512],[121.57798077500001,16.35779724600002],[121.57811588000004,16.357986394000022],[121.57814290099998,16.35816653400002],[121.57798978200003,16.358238589999985],[121.577854677,16.358157527],[121.57771957099999,16.358238589999985],[121.57780964100004,16.358400716],[121.577889164,16.358538797999984],[121.61615259500002,16.373959489000015],[121.61784815399994,16.374630567],[121.63149943500002,16.381495156000028],[121.648079918,16.389843053999982],[121.65551234099996,16.393557284999986],[121.662988036,16.39816946000002],[121.663424868,16.398465064999982],[121.663329159,16.40408710600002],[121.670396256,16.410104236],[121.67459863800002,16.414297633],[121.68189296000003,16.415531628],[121.68416588100001,16.415938875999984],[121.68783406900002,16.419112505999976],[121.68779858200003,16.419275813000013],[121.687988904,16.419453009999984],[121.68819891600003,16.41964989600001],[121.68837611200001,16.419695836000017],[121.68848768099997,16.41982052999998],[121.68855330899999,16.420096170000022],[121.68846142999996,16.420148671999982],[121.68833017300005,16.420253678],[121.688015156,16.420279929],[121.687654199,16.420365246000017],[121.68741137400002,16.420384935000016],[121.68713573399998,16.420338995],[121.68707010499998,16.42050306599998],[121.68703072799997,16.420765580000023],[121.686984101,16.420918858],[121.68706535800004,16.421162628],[121.68725689200005,16.421325142],[121.68766317500001,16.42135996600001],[121.68783729699999,16.421429615000022],[121.68790114199999,16.421539892],[121.68810428300003,16.421679188999974],[121.68822616800003,16.421806877999984],[121.68824358100005,16.421969391],[121.68817393200004,16.422201554000026],[121.68800561399996,16.422277006],[121.687843101,16.422259594000025],[121.68766317500001,16.422178337],[121.68737297300004,16.422178337],[121.687169831,16.422317635000013],[121.686926061,16.422503364000022],[121.68682158800004,16.42268909400002],[121.68686802000002,16.42287482400002],[121.68703053399997,16.423048945],[121.68731493200005,16.423089574000016],[121.687657371,16.423072161999983],[121.68788953299998,16.423043141],[121.68855406,16.422888305000015],[121.68869629699998,16.422857411999985],[121.68950306,16.42275293900002],[121.689752634,16.42284580400002],[121.689880324,16.422990905],[121.68994997200002,16.423205655],[121.68997318799995,16.42338558],[121.68971200600004,16.423849905],[121.68970039800001,16.424018221999972],[121.68983389100003,16.424291013000015],[121.68987451999999,16.42454639099998],[121.68979326299996,16.424772749],[121.68979326299996,16.424964283],[121.68989193200002,16.425109384],[121.69007766100003,16.42525448599997],[121.69026339100003,16.425312526000027],[121.69041429699996,16.425231269],[121.69047233699996,16.424912045999974],[121.69051296500004,16.424528979],[121.69058261400005,16.42443031],[121.69084960099997,16.42439548599998],[121.69112239100002,16.424465134],[121.69131972900004,16.424587019],[121.691418398,16.424732120999977],[121.691482242,16.424883025999975],[121.70186945199998,16.44534454],[121.70720040900005,16.43999083099999],[121.71641132900004,16.43001037800002],[121.71825645499996,16.426748909000025],[121.72461886600001,16.415500345],[121.73038909499996,16.40904310899998],[121.73400277200005,16.405350247],[121.73585852600002,16.406203659000028],[121.73641209300001,16.40554828400002],[121.73803767100003,16.403922706],[121.73854340599996,16.403380846],[121.73922976100005,16.402441624],[121.73977162000006,16.401935888000025],[121.74045195500003,16.401743227],[121.741029938,16.401719145000015],[121.74175241700004,16.401791393],[121.74264347500002,16.401502401000016],[121.74353453200001,16.401068914],[121.74447375499994,16.39969620300002],[121.745075821,16.39774551],[121.74555747299996,16.395818899],[121.74534072999995,16.39408494899999],[121.74500357299996,16.393169809000028],[121.765611325,16.400343710000016],[121.792864915,16.408780794999984],[121.79306252499998,16.409050863],[121.79331283199997,16.409294581999973],[121.79364876900001,16.409551475],[121.79395177100002,16.409841303],[121.79426135999995,16.410210174999975],[121.79475538500003,16.41088863599998],[121.79517036699997,16.411606619999986],[121.79544043400006,16.412291668000023],[121.795605109,16.41279228000002],[121.79568415300002,16.413292893],[121.79588835000004,16.413859375000015],[121.79612548199998,16.414471966],[121.79632309199997,16.414761794000015],[121.79679735599996,16.415005512999983],[121.79715305399998,16.41520971099999],[121.79749557900004,16.41538756],[121.79774588500004,16.415578583000013],[121.79800277799995,16.415835475999984],[121.79819380100002,16.416118717000018],[121.79857333999996,16.416483401],[121.79901436600005,16.416634278],[121.79936254300003,16.41686639699998],[121.79978035700003,16.41709851500002],[121.80026780599997,16.417423481000014],[121.80059177500004,16.417749977000028],[121.84484834499995,16.434456705],[121.86442130399996,16.441801641999973],[121.87118596200003,16.444032837],[121.88729434000004,16.449180033],[121.963870541,16.484835325],[122.01773371299998,16.517024527],[122.05880819100003,16.509254778000013]]]]}},{"type":"Feature","properties":{"kind":"barangay","psgc":"0205704001","name":"Abbag","area_sqkm":2.66,"valid_on":"2025-02-13","version":"v03","center_lonlat":[121.65839,16.270956]},"geometry":{"type":"MultiPolygon","coordinates":[[[[121.66863578200002,16.276078972999983],[121.66817124700003,16.275278948999983],[121.66825574200004,16.274450227999978],[121.66823868999995,16.273719018],[121.66859397600001,16.272549018],[121.66830604400002,16.271541609999986],[121.66812241800005,16.270372869000028],[121.66769844099997,16.269369583000014],[121.66636643000004,16.26749490100002],[121.66478774999996,16.26631089099999],[121.66286373399998,16.264090872],[121.66191502900006,16.262828626999976],[121.66180805700003,16.262738558000024],[121.66003477100003,16.263569924000024],[121.65903557599995,16.263975988000027],[121.65794855499996,16.264283034000016],[121.65719403499997,16.264491824],[121.65669526299996,16.264442767],[121.65289678600004,16.26597032],[121.65236480399994,16.268503985],[121.64712627200004,16.27192174100003],[121.646715233,16.27357744],[121.651079116,16.276071824999974],[121.65651401900004,16.278196641000022],[121.65715594599999,16.27770357000003],[121.657609665,16.277248550000024],[121.65789089700002,16.276956910000024],[121.664894517,16.277892052000027],[121.670169493,16.278606337999975],[121.66863578200002,16.276078972999983]]]]}},{"type":"Feature","properties":{"kind":"barangay","psgc":"0205704003","name":"Balligui","area_sqkm":31.19,"valid_on":"2025-02-13","version":"v03","center_lonlat":[121.628967,16.36668]},"geometry":{"type":"MultiPolygon","coordinates":[[[[121.65873096999997,16.373459905],[121.65876146699998,16.373269479999976],[121.65872334999995,16.373144534],[121.65867343000002,16.372816485999977],[121.658623509,16.372588278000023],[121.65855932600005,16.372488437000015],[121.65846661600006,16.372310148999986],[121.65835251199996,16.372174651000023],[121.658345381,16.372010627],[121.65842382699998,16.371853734000013],[121.65857358899996,16.371661184],[121.65866629799996,16.37146150199999],[121.65870908700003,16.37132600299998],[121.65876613900002,16.371204767999984],[121.65890876900005,16.371097796000015],[121.65904426700001,16.371019349],[121.65918689700004,16.37075548399997],[121.65930100100002,16.370455961],[121.65937231600003,16.37034898899998],[121.65952920899997,16.370270542000014],[121.65961478700001,16.370184963999975],[121.65974315400001,16.370042334],[121.65978594299997,16.369949625],[121.65977881100002,16.369899705000023],[121.65968610200002,16.369799864000015],[121.65962905000004,16.36973568000002],[121.65959339200003,16.369614445000025],[121.65959339200003,16.36945042000002],[121.65958626099996,16.369364843000028],[121.65955060299996,16.369314922],[121.659579129,16.369015398999977],[121.65959339200003,16.368808586],[121.659579129,16.368537589000027],[121.65960052399998,16.368416353999976],[121.65965044400002,16.368323643999986],[121.65977881100002,16.36815248900001],[121.65982873200005,16.367995596000014],[121.65985725799999,16.367667547],[121.65977167999995,16.367382287],[121.65977881100002,16.36726818300002],[121.65981446900003,16.36699718699998],[121.65979307400005,16.366747584],[121.65979307400005,16.366640612000026],[121.659764548,16.36645519299998],[121.65974315400001,16.366198458999975],[121.65971462799996,16.36602730300001],[121.65970749600001,16.36579909599999],[121.65967896999996,16.365606545],[121.65962905000004,16.365399732000014],[121.65955773500002,16.365228576],[121.65953634000005,16.365000367999983],[121.65952920899997,16.36472224],[121.65957794099995,16.36452018099999],[121.65965401000005,16.364315745],[121.65973007900004,16.364139835],[121.65975785600006,16.364033258],[121.65965092600004,16.364000713999985],[121.65957653999999,16.363949574],[121.6595254,16.363889135000022],[121.65952075099995,16.363824048000026],[121.65945101399996,16.36375431099998],[121.659348733,16.363610188],[121.65932548700005,16.36351255699998],[121.65931153999998,16.363382381],[121.65931153999998,16.36322431100001],[121.65929294399996,16.363024398999983],[121.65926504900006,16.36287097799999],[121.65916741700005,16.36283378500002],[121.65907443499998,16.362773345999983],[121.65900004900004,16.362717557],[121.65895820699996,16.36264782],[121.65887917199996,16.362629223],[121.65878618900001,16.362624574],[121.65872575100002,16.36267106600002],[121.65868390900005,16.362754750000022],[121.65685836700004,16.360994826000024],[121.64013441700001,16.356208327],[121.64252471600003,16.34748134199998],[121.64226680900003,16.347173929],[121.641938203,16.34675039299998],[121.64168992299994,16.346421787],[121.64138322400004,16.346034761999988],[121.64133210800003,16.345815691999974],[121.64105461899999,16.345450573999983],[121.64093047899996,16.34520229399999],[121.64082824599996,16.34507815400002],[121.64081364100002,16.344954014],[121.64053615199998,16.344683826999983],[121.64039010500005,16.344479362000015],[121.64023675600004,16.344318709999982],[121.63998117300002,16.344165361000023],[121.63977670700001,16.344026616],[121.63950652000005,16.343982802000028],[121.63930205500003,16.343785637999986],[121.63903917000005,16.343420520999985],[121.63882009999998,16.343121124999982],[121.63862293600005,16.342975078],[121.63838195899996,16.34283633299998],[121.63812637599995,16.342843635],[121.63783428199997,16.343033495999975],[121.63757139799998,16.343281776000026],[121.63741804799997,16.343405916],[121.637125954,16.34356656800003],[121.63670972,16.343676103],[121.636344603,16.34365419599999],[121.63611822999997,16.343537358],[121.63584074100004,16.34332559],[121.63559976299996,16.34312842700001],[121.63529306400005,16.342865542000027],[121.63492064499997,16.342624565],[121.63477459800004,16.342522331999987],[121.63471617899995,16.342303260999984],[121.63474538800006,16.342062284],[121.63477459800004,16.341762887000016],[121.63484762099995,16.341558422],[121.634913342,16.341368559999978],[121.63494255199998,16.34102535],[121.634913342,16.340682140000013],[121.634993668,16.34044846400002],[121.634993668,16.340273207999985],[121.63489143499999,16.340068742000028],[121.634628551,16.339856973999986],[121.63443868900004,16.339871578999976],[121.63422692100005,16.33995190500002],[121.63407357200003,16.340141765999988],[121.63370115199996,16.34052148799998],[121.63326301100005,16.341156792],[121.632963615,16.341434282000023],[121.632883289,16.34156572400002],[121.63286138199999,16.341777492],[121.63270073000001,16.341872422999984],[121.63262040400002,16.34198195800002],[121.63243784600002,16.342098796000016],[121.63219686800005,16.341960051],[121.63195588999997,16.341865120000023],[121.63162728500004,16.341828609],[121.63137170200002,16.341733678000026],[121.63100658500002,16.341543817],[121.63060495599996,16.341339350999988],[121.630466211,16.341105675999984],[121.63038588500001,16.340959629],[121.63020332600001,16.340740558],[121.629816302,16.340587208999978],[121.62915178799994,16.340587208999978],[121.62884508900004,16.340652929999976],[121.62809294700003,16.340842791],[121.62756717800005,16.341018048000024],[121.62712903700003,16.341171396999982],[121.62692457100002,16.341229816],[121.62677852399997,16.341324746],[121.62671280300003,16.341448886000023],[121.626617872,16.341908934],[121.62652294199995,16.342434704000027],[121.62651563999998,16.342617261999976],[121.626384197,16.34279982100003],[121.626223546,16.342953169999987],[121.62574158999996,16.34323796199999],[121.62501865800004,16.34355196299998],[121.62436144599997,16.343814848000022],[121.62369693200003,16.34403391799998],[121.623288001,16.344201871999985],[121.62306162799996,16.34423108200002],[121.62265269600005,16.34431140800001],[121.62242632300001,16.34432601200001],[121.62220725300006,16.34443554799998],[121.62163036699997,16.34453778],[121.62128715699998,16.344574292],[121.620995063,16.344523176],[121.620790597,16.344515872999978],[121.62064454999995,16.34445015199998],[121.62057882900001,16.344318709999982],[121.62052771200001,16.344201871999985],[121.620374363,16.344041221],[121.62036706100002,16.343960895],[121.620425479,16.343785637999986],[121.620374363,16.34347894000001],[121.620191804,16.343216055000028],[121.61987050100004,16.342989682],[121.61960031399997,16.34274870500002],[121.61948347600003,16.342602657999976],[121.61929361499995,16.342442006],[121.61911105599995,16.34233247100002],[121.61887738099995,16.342208331],[121.61853417099996,16.342186423999976],[121.61819096,16.342120702999978],[121.61804491299995,16.342135306999978],[121.61791347099995,16.342215633000023],[121.61770170299997,16.342259447],[121.61743881799998,16.342368981999982],[121.61706639800002,16.342368981999982],[121.616628257,16.342295959000012],[121.61622662800005,16.342252144999975],[121.61604406900005,16.34214261],[121.61567164999997,16.341960051],[121.61508015899994,16.341784793999977],[121.61473694899996,16.341770189999977],[121.614598204,16.341748283000015],[121.61443025000005,16.34174098],[121.61410164400002,16.341748283000015],[121.613977504,16.341726376],[121.61388987600003,16.34160223600003],[121.61386796900001,16.341507305],[121.613634294,16.341463491000013],[121.61344443300004,16.341375863],[121.61338601399996,16.34130283899998],[121.61325457199996,16.341229816],[121.613196153,16.341018048000024],[121.613115827,16.340594511],[121.61323996700003,16.340214789000015],[121.61262202299997,16.339881],[121.61197322299995,16.339784370000018],[121.61070840000002,16.33987620800002],[121.592068467,16.340792057999977],[121.56320572000004,16.33995295],[121.56311989000005,16.340017320000015],[121.56258345000003,16.34033918],[121.56226158000004,16.340682510000022],[121.56191825999997,16.34113312],[121.56166077,16.34134769000002],[121.56159638999998,16.34145497999998],[121.56138181999995,16.341669560000014],[121.56103848999999,16.34207726],[121.56095266,16.34218454],[121.56090974999995,16.342248919999975],[121.56093121000004,16.34244203999998],[121.56099558000005,16.342570780000017],[121.56101704000002,16.34269953],[121.56103848999999,16.34289265000001],[121.56103848999999,16.34297848],[121.56101704000002,16.343150139999977],[121.56103848999999,16.34340763],[121.56112431999998,16.34353637999999],[121.5611887,16.34364367],[121.56127453,16.343750950000015],[121.56127453,16.343858239999975],[121.56131744000004,16.34396553],[121.56138181999995,16.34415865],[121.56144618999997,16.344244479999986],[121.56168221999997,16.344330309999975],[121.56187534000003,16.34454489],[121.56196117000002,16.34467362999999],[121.562047,16.344652180000026],[121.56239032999997,16.344716549999987],[121.56254052999998,16.344759459999977],[121.56264782000005,16.34478092],[121.56318425999996,16.344888210000022],[121.56344175000004,16.34505987],[121.56359196000005,16.34514569999999],[121.56369925000001,16.34529591],[121.56380652999997,16.345317360000024],[121.56376362000003,16.34548903000001],[121.56372069999998,16.34572506],[121.56374215999995,16.34585381],[121.56389235999995,16.34596109],[121.56399965000003,16.34608984],[121.56402111,16.34615421],[121.56414986000004,16.346261500000026],[121.56414986000004,16.34643316],[121.56410693999999,16.34651899],[121.56402111,16.34662628000001],[121.56393528000001,16.346690650000028],[121.56387091,16.346797939999988],[121.56384945000002,16.34690523],[121.56389235999995,16.34699106],[121.56393528000001,16.34701252000002],[121.56408548000002,16.34714127],[121.56414986000004,16.34727000999999],[121.56419276999998,16.34742022],[121.56417131,16.347527500000012],[121.56419276999998,16.347634789999972],[121.56421422999995,16.34772062000002],[121.56423569000003,16.347785],[121.56421422999995,16.34797812],[121.56425714,16.34817123],[121.56432152000002,16.34825705999998],[121.56440735000001,16.34827852],[121.56457900999999,16.34829997999998],[121.56472921,16.348342899999977],[121.56481503999998,16.348428730000023],[121.56485796000004,16.348514560000012],[121.56490087999998,16.348578929999974],[121.56494379000003,16.34868622],[121.56500816000005,16.34879351],[121.56513690999998,16.348814960000027],[121.56526566000002,16.34875059],[121.56541586000003,16.34875059],[121.56554460999996,16.34877204999998],[121.56565189000003,16.348814960000027],[121.56569480999997,16.34887934],[121.56582355,16.348943710000015],[121.56588793000003,16.348943710000015],[121.56601666999995,16.348900790000016],[121.56616687999997,16.348900790000016],[121.56629562,16.34907246],[121.56638145,16.349201199999982],[121.56646729,16.34922266],[121.56655311999998,16.34922266],[121.56672477999996,16.349329950000026],[121.56678914999998,16.349329950000026],[121.56693934999998,16.349437239999986],[121.56702517999997,16.349480149999977],[121.56711101999997,16.34958744],[121.56726121999998,16.34965181000001],[121.56741141999998,16.34975910000003],[121.56751870999994,16.34982347],[121.56773328999998,16.349952219999977],[121.56786203000001,16.35001659],[121.56801224000003,16.35005951],[121.56814097999995,16.350123880000012],[121.56826973,16.35016680000001],[121.56833410000002,16.35018825999998],[121.56841993,16.35018825999998],[121.56854868000005,16.350123880000012],[121.56869888000006,16.35005951],[121.56882762999999,16.35005951],[121.56891345999998,16.350102419999985],[121.56897783,16.350145339999983],[121.56917094999994,16.350359920000017],[121.56923531999996,16.35044575],[121.56927824000002,16.350510120000024],[121.56934261000004,16.350617409999984],[121.5694499,16.350703239999973],[121.56951427000001,16.35076761],[121.56960011000001,16.3508749],[121.56966448000003,16.350982190000025],[121.56968594,16.351025100000015],[121.56968594,16.351068020000014],[121.56972885000005,16.351132389999975],[121.56975031000002,16.351175309999974],[121.56977176999999,16.35126114000002],[121.56979321999995,16.35130405000001],[121.56983614,16.35138988],[121.56985759999998,16.3514328],[121.56994342999997,16.351497170000016],[121.57000779999998,16.351518629999987],[121.57007217,16.351561549999985],[121.57011508999994,16.351583],[121.570158,16.351604459999976],[121.57024383999999,16.35162592],[121.57066708100001,16.351816590999988],[121.57073913700003,16.352050772999974],[121.57097332,16.352230913000028],[121.57117147400004,16.352438075],[121.57127955800001,16.352672257],[121.57143267699996,16.352843389999975],[121.57153175400003,16.353023529999973],[121.57168487399997,16.353419839000026],[121.571702888,16.353572957999972],[121.57183799300003,16.353735084],[121.57202714000005,16.354068343999984],[121.57221628699995,16.354266498000015],[121.57281075000003,16.35483394],[121.57307195299995,16.35497805199998],[121.57319805199995,16.355077129],[121.57332414999996,16.35508613600001],[121.57354932500004,16.355122164000022],[121.57361237400005,16.355248261999975],[121.57363939499999,16.355374359999985],[121.573765493,16.35568059899998],[121.57390059800002,16.355815704],[121.57433293500003,16.35598683699999],[121.57479229299997,16.356130948999976],[121.57531469900005,16.356320096],[121.57552186099997,16.356500236999977],[121.57567498000003,16.356635342],[121.57644057599998,16.356815482],[121.576692772,16.356932573],[121.576809863,16.357058671],[121.57699901,16.35719377700002],[121.57732326300004,16.357319874999973],[121.57759347299998,16.35763512],[121.57798077500001,16.35779724600002],[121.57811588000004,16.357986394000022],[121.57814290099998,16.35816653400002],[121.57798978200003,16.358238589999985],[121.577854677,16.358157527],[121.57771957099999,16.358238589999985],[121.57780964100004,16.358400716],[121.577889164,16.358538797999984],[121.61615259500002,16.373959489000015],[121.61784815399994,16.374630567],[121.63149943500002,16.381495156000028],[121.648079918,16.389843053999982],[121.65551234099996,16.393557284999986],[121.65873096999997,16.373459905]]]]}},{"type":"Feature","properties":{"kind":"barangay","psgc":"0205704004","name":"Divisoria Sur (Bisangal)","area_sqkm":8.16,"valid_on":"2025-02-13","version":"v03","center_lonlat":[121.724903,16.373852]},"geometry":{"type":"MultiPolygon","coordinates":[[[[121.74079399000004,16.386320884999975],[121.74397107799996,16.386405416],[121.74383686099998,16.385090115000025],[121.743047521,16.381373639],[121.74248840500002,16.37982784899998],[121.74199506800005,16.37739405000002],[121.74196217899998,16.37617715099998],[121.74215951400004,16.374302468999986],[121.74271863000001,16.373348683000017],[121.742883075,16.372559342999978],[121.742883075,16.372000227],[121.74238973800004,16.371013552000022],[121.74127150599998,16.369928209000022],[121.73850881600004,16.36841530800001],[121.73755502999995,16.367461521999985],[121.73643679899999,16.367001073999973],[121.73545012399995,16.367001073999973],[121.73452922700005,16.367297076],[121.733706998,16.36723129799998],[121.73255587699998,16.367066852],[121.73209542899997,16.36660640399998],[121.73170075899998,16.365981509],[121.730746973,16.365718395999977],[121.72953007399997,16.365685507000023],[121.72844473099997,16.365685507000023],[121.72768828100004,16.36614595499998],[121.72689894099994,16.36723129799998],[121.72597804400004,16.36828375099998],[121.72522159300001,16.368481085999974],[121.72456380999995,16.36831663999999],[121.72403758300004,16.367823303000023],[121.72268912699997,16.366409068999985],[121.72018955099998,16.363876603],[121.71857798099995,16.361705917999984],[121.71732819299996,16.360390350999978],[121.716209961,16.359897014000012],[121.715585067,16.359798346],[121.71407216600005,16.36006146],[121.712789488,16.360390350999978],[121.711079251,16.361015244999976],[121.70857344299998,16.361588556000015],[121.70775404799997,16.361698859],[121.70705020900004,16.361725121],[121.70692414899997,16.36227663699998],[121.70681909799998,16.362339667000015],[121.70676657299998,16.362407949999977],[121.70675081499996,16.362523506],[121.70667202699997,16.36275987],[121.706530209,16.363059264000015],[121.70641465300002,16.363337648000027],[121.70628334000003,16.363836638],[121.70618879400001,16.363978456999973],[121.70590515799995,16.36426734600002],[121.70574232900003,16.36441966899997],[121.70563202599999,16.36460876000001],[121.705595259,16.364766336],[121.705553238,16.364976437],[121.70553222800004,16.365260074],[121.70558475400003,16.36563825600001],[121.70574232900003,16.365921893],[121.70579485500002,16.366110983999988],[121.70582111700003,16.366342095],[121.705752835,16.36640512500003],[121.70571606700003,16.366478660999974],[121.705700309,16.366583710999976],[121.70583687500005,16.366757044999986],[121.70605748100002,16.367135227],[121.70637788600004,16.367560681999976],[121.70633061299998,16.367760278],[121.70629909800004,16.367896843999972],[121.706451421,16.368175227999984],[121.70658798700003,16.368364319000023],[121.70674556300003,16.368490380000026],[121.70681384600005,16.368658461],[121.707044957,16.368789774],[121.70716051299996,16.36895260199998],[121.70739687599996,16.369304522],[121.70759647199998,16.36946734999998],[121.70783283599997,16.369735229000014],[121.70799041199996,16.369771996999987],[121.70816374599997,16.369892805],[121.70827404900001,16.370076644],[121.70822152400001,16.37018694699998],[121.70789586700005,16.37034452300003],[121.70759647199998,16.370523108999976],[121.70720253299999,16.370801492999988],[121.70705020900004,16.370938059000025],[121.706939906,16.37111139199999],[121.70678504600005,16.371204342999988],[121.70685220099995,16.371420272000023],[121.70702003999997,16.37184919499998],[121.70709944099997,16.371934782999972],[121.70710506399996,16.372082861000024],[121.70724564499994,16.372594575],[121.70730937500002,16.373188762999973],[121.70730375200003,16.374570204],[121.707217529,16.374744524],[121.70707507400004,16.374999444000025],[121.70701321800004,16.375140025],[121.70697760400003,16.375220625],[121.70699634899995,16.375483041999985],[121.70704320899995,16.375662986],[121.70709194300002,16.375743586],[121.70714067799997,16.37579981800002],[121.70728125899996,16.37588229199997],[121.70742371400002,16.375925403],[121.707517435,16.376006002999986],[121.70788106999998,16.376530838],[121.70836092000002,16.377162515],[121.70843214700005,16.377274979],[121.70855023499996,16.377378072],[121.70863833199996,16.377426807],[121.70879390899995,16.377477415999977],[121.709030084,16.377531773999976],[121.70930749700005,16.377544893999982],[121.70960740299995,16.377614247999986],[121.70971799300003,16.377666730999977],[121.70990730899996,16.37781668399998],[121.71557348199997,16.379853364999974],[121.71721321500002,16.38139087899998],[121.72637310000005,16.388395069000012],[121.74079399000004,16.386320884999975]]]]}},{"type":"Feature","properties":{"kind":"barangay","psgc":"0205704005","name":"Buenavista","area_sqkm":2.58,"valid_on":"2025-02-13","version":"v03","center_lonlat":[121.672574,16.334312]},"geometry":{"type":"MultiPolygon","coordinates":[[[[121.671820217,16.348500426999976],[121.673245985,16.348222813],[121.67324867900004,16.348126028000024],[121.67333316700001,16.347957052000027],[121.673378931,16.347869044],[121.673491581,16.34774231199998],[121.67359015099998,16.347636702999978],[121.67371336199994,16.347562776000018],[121.67382601199995,16.34750293000002],[121.67395626400003,16.34750293000002],[121.67408651599999,16.347478288],[121.67417804499996,16.347418442],[121.674266053,16.347372678],[121.674325898,16.347323394],[121.67438222299995,16.34727410900001],[121.67446671100004,16.347260028],[121.674551199,16.34731283299999],[121.67467440999997,16.347319873],[121.67479410099997,16.347319873],[121.67491027200003,16.347281150000015],[121.674941955,16.347256507],[121.67495251599996,16.347196661999988],[121.67490675199997,16.347179059999974],[121.67482578399995,16.347129775999974],[121.67475889800005,16.347062890000018],[121.67467793100002,16.346964320999973],[121.67466736999995,16.346879833],[121.67472721499996,16.346735498999976],[121.67475889800005,16.346601727],[121.67483282499995,16.346513718999972],[121.67486098799998,16.346464434999973],[121.67478706099996,16.346397548000027],[121.67471313399994,16.34631306099999],[121.67464624800004,16.346210971],[121.67452655700004,16.346010313000022],[121.67446319099997,16.345957508000026],[121.67432237800006,16.34578501200002],[121.674153402,16.34572868700002],[121.67401962999998,16.345630117999974],[121.67394130800005,16.34542279599998],[121.67394130800005,16.345309539000027],[121.67389924199995,16.34516068800002],[121.67387011799997,16.345076555],[121.67391542099995,16.345044196],[121.67397124900003,16.345003448],[121.67399600600004,16.344922987000018],[121.67403314199998,16.34479920000001],[121.67407398,16.344746493],[121.67421263400001,16.344706358999986],[121.674330231,16.344663034],[121.67442307199997,16.344464975],[121.674553048,16.344291672999987],[121.67457161599998,16.344136939],[121.67463351000004,16.344031719999975],[121.67480062200002,16.343864607],[121.67500487100006,16.34381509299999],[121.67519674100004,16.34381509299999],[121.67524006600001,16.343858418000025],[121.67538861100002,16.343982204999975],[121.67558667000003,16.344044098999973],[121.67564856399997,16.344112182],[121.67580948700004,16.344266915],[121.67592708400002,16.344384513000023],[121.67603230300006,16.344520679000027],[121.67603230300006,16.34463208699998],[121.67611276499997,16.34474968500001],[121.67624274100001,16.344879661],[121.67629604299998,16.344686363],[121.67632590999995,16.344504922999988],[121.67630346600004,16.344250553],[121.67616879900004,16.343913886999985],[121.67601916900003,16.343539813],[121.67595931699998,16.343352775000028],[121.67600420600002,16.343113368],[121.67614635400002,16.342649516],[121.676258577,16.342395146],[121.676258577,16.342103367999982],[121.67619872499995,16.341893887000026],[121.67619124299995,16.341594628],[121.67595931699998,16.340135739],[121.67562592000002,16.338418331000014],[121.67595511299999,16.338331934999985],[121.67703862999997,16.338145680000025],[121.67790678899996,16.337970784999982],[121.67735437299996,16.335661685],[121.67707816500001,16.333805567000013],[121.67692348800006,16.33317581199998],[121.67614538400005,16.33068339099998],[121.67506849200004,16.31964106800001],[121.67401316099995,16.319542007],[121.67302648600003,16.319295338000018],[121.67288013799998,16.31966387199998],[121.67259703299999,16.319967947],[121.67215664800005,16.320251052],[121.67120248200001,16.320733378],[121.67057336100004,16.321226189000015],[121.67009103400005,16.321635118000017],[121.66943045699998,16.32185530999999],[121.66912638199994,16.32216987100003],[121.66893764600002,16.322411034000027],[121.66814075900004,16.322568314000023],[121.66714465099994,16.322736080000027],[121.667390425,16.331107122],[121.66741378200004,16.331212916000027],[121.66799746100003,16.33485136500002],[121.668333877,16.336594295999987],[121.66837445800002,16.336780599],[121.66843974000005,16.33712398900002],[121.66883213999995,16.339510597000015],[121.66781672299999,16.34323039999998],[121.66764247599997,16.344194570000013],[121.66761326599999,16.34453778],[121.66777391799997,16.344669222999983],[121.66803680299995,16.344946712000024],[121.668263175,16.345100060999982],[121.66829968699994,16.345487086],[121.66859178100003,16.345669644999987],[121.66889117799997,16.345830295999974],[121.66908103900005,16.345866807999982],[121.66928550399996,16.346012855000026],[121.669533784,16.34632685600002],[121.669665227,16.346509415000014],[121.66982587799998,16.346757695],[121.67008876299997,16.34702058],[121.670315136,16.347210441000016],[121.670366252,16.347327278000023],[121.67035895000004,16.34746602299998],[121.670264019,16.347641279000015],[121.67024211199998,16.347911466000028],[121.67030783400003,16.348072118],[121.67030783400003,16.34823276999998],[121.67042467099998,16.348517561],[121.67043927600002,16.34862709700002],[121.670548811,16.348780445999978],[121.671820217,16.348500426999976]]]]}},{"type":"Feature","properties":{"kind":"barangay","psgc":"0205704006","name":"Cabaruan","area_sqkm":6.03,"valid_on":"2025-02-13","version":"v03","center_lonlat":[121.64478,16.289439]},"geometry":{"type":"MultiPolygon","coordinates":[[[[121.634984251,16.305827392000026],[121.63534440399997,16.305769768],[121.63585763200001,16.30562355400002],[121.63605030400004,16.30556808199998],[121.63758455699997,16.305179117000023],[121.63856417299996,16.304876588000013],[121.63902516899998,16.304854979000027],[121.63959421100003,16.30463888700001],[121.64021367500004,16.304408389],[121.64042256300002,16.304098657],[121.64046578199998,16.303932987],[121.64096999599997,16.30351520900001],[121.64174072399999,16.30291015199998],[121.64246103000005,16.302067394],[121.64289321399997,16.301750459],[121.643505474,16.301411915000017],[121.64406011000005,16.301260651],[121.64444187200002,16.301109386],[121.64470118300005,16.301080574000025],[121.64521260000004,16.300799655],[121.64557275300001,16.30052593800002],[121.64632907500004,16.30000011499999],[121.647524783,16.299611148999986],[121.64813704300002,16.29955352500002],[121.64855361900004,16.299409439999977],[121.64909469099996,16.299168416999976],[121.64985219200003,16.298769990999972],[121.650039107,16.298642101999974],[121.65034899399996,16.29843059199999],[121.65066871800002,16.298287945000027],[121.65088514700005,16.298219082],[121.65107698199995,16.29823875699998],[121.65152459599994,16.298312539999984],[121.651809888,16.298361727999975],[121.65204107299996,16.298332215000016],[121.652247665,16.298224001],[121.65231652800003,16.298130543000013],[121.652459174,16.298037084999976],[121.65271003500004,16.297938708],[121.65303959699997,16.297879681999973],[121.65328553899997,16.29787476299998],[121.65357574999996,16.297879681999973],[121.65396433800004,16.29783049399998],[121.65413649699997,16.297776387],[121.65438243899996,16.29772719800002],[121.654554598,16.29772719800002],[121.65479562099995,16.29772719800002],[121.65492105199996,16.297728838000012],[121.65509484999995,16.29769276600001],[121.65512108400003,16.297591109999985],[121.65522274,16.297191044999977],[121.65528832500001,16.296781141999986],[121.65524569499996,16.296708998999975],[121.65520634400002,16.29663685600002],[121.65520962300002,16.296607343],[121.65528011599997,16.296589239000014],[121.65538088300002,16.296543435],[121.65554577399996,16.296506793],[121.65567402299996,16.296460990000014],[121.655852655,16.296438088],[121.65603128700002,16.296433508],[121.65615495500003,16.296447248999982],[121.65567857899998,16.293266190999987],[121.65565015799996,16.293124089],[121.65553647599995,16.293038826999975],[121.65545121399998,16.292981985999972],[121.65543700399996,16.292868302999977],[121.65542989899996,16.292719095],[121.655358847,16.292505941],[121.65496806399995,16.292321206999986],[121.65465543799996,16.292200419999972],[121.65451333500005,16.292243051000014],[121.65439254800003,16.292264365999984],[121.65420781399996,16.292150683999978],[121.65406571100004,16.292008581],[121.65395913400005,16.291852268000014],[121.653795715,16.291681744000016],[121.65365361199997,16.291582272000028],[121.65358966600002,16.291475694999974],[121.65348308900002,16.29124122500002],[121.65338361700003,16.291077807000022],[121.65293599300003,16.29079360100002],[121.65262607,16.290634219000026],[121.65254236099997,16.29056338800001],[121.65244899200002,16.290460360999987],[121.652365282,16.290431383999987],[121.65227835300004,16.290347673999975],[121.65220752100004,16.290296161000015],[121.65218820400003,16.290251086000012],[121.65219142299998,16.290189913],[121.652365282,16.290096544999983],[121.65246187000002,16.290099764],[121.65270656099995,16.290128741],[121.65277417200002,16.290096544999983],[121.65284178399997,16.29007078799998],[121.65289973699998,16.290038591999974],[121.653022082,16.29004181099998],[121.65305105899995,16.29009010599998],[121.6530414,16.290170596],[121.65307037599996,16.29022211],[121.65316696499997,16.290196353],[121.65321847799999,16.290086885999983],[121.65329252900005,16.28989370900001],[121.653347263,16.28975204699998],[121.65340199599996,16.289610384000014],[121.65346638799997,16.289481599],[121.65368210199995,16.289436524999985],[121.65379800799997,16.289449403],[121.65390747499998,16.289420426999982],[121.65394611,16.289401108999982],[121.65389459599999,16.289272325000013],[121.65388493800003,16.289207933],[121.653991185,16.28910168599998],[121.65411996900002,16.289017976000025],[121.65418758099997,16.289030853999975],[121.65424875300005,16.289059830999975],[121.65437109899995,16.289005096999972],[121.65442905199995,16.288927827],[121.65447412599997,16.288824799],[121.65455461600004,16.28881836],[121.65475423199996,16.28872499099998],[121.65495062800005,16.28863484200002],[121.65505043600001,16.288470642],[121.65505365599995,16.288345076999974],[121.65506975400001,16.288061751999976],[121.65507941299995,16.287881454],[121.65509551100001,16.28777842599999],[121.65512770700002,16.287697935999972],[121.65515346400002,16.287533736],[121.65521141700003,16.287485442],[121.655330542,16.287446806],[121.65542391099996,16.287440366999988],[121.65547220500002,16.287546614],[121.65553659700004,16.287646422000023],[121.65555269499998,16.287743009999986],[121.655642844,16.287791304999985],[121.65580060499997,16.287791304999985],[121.65590685200004,16.287797743999988],[121.65601953800001,16.287733351999975],[121.65614832300002,16.287623885000016],[121.65615476200003,16.287536955],[121.65615798199997,16.287395292999975],[121.65618695800003,16.287263289],[121.65622881299998,16.287082990999977],[121.65630930299994,16.286992842000018],[121.65642520899996,16.28692523],[121.656565957,16.286811913],[121.656637703,16.286712736000027],[121.65667955799995,16.286587171],[121.65665380099995,16.28651312],[121.65663448400005,16.286406872999976],[121.656637703,16.286316724000017],[121.656650582,16.28627486900001],[121.65679546399997,16.286204037],[121.65686307600004,16.286126766999985],[121.65690171100005,16.28598510400002],[121.656962884,16.285869198],[121.65708200899996,16.285791927],[121.65712386400003,16.285685679999972],[121.65718181700004,16.285547237],[121.65723977000005,16.285498943],[121.65725908800005,16.285350841000025],[121.65719791499998,16.285238155],[121.65708200899996,16.28515444499999],[121.65693390700005,16.285148005],[121.65686629599998,16.285122248999983],[121.65666667999994,16.285012782000024],[121.65644130700002,16.284932292],[121.656364037,16.284906535],[121.656299644,16.284945170000015],[121.65630286400005,16.284970927000018],[121.65617085999997,16.284980586000017],[121.656032417,16.284970927000018],[121.65588431499998,16.284961268000018],[121.65582636199997,16.284883998],[121.65575231100001,16.284842143],[121.65567182100006,16.284900096],[121.65562030700005,16.284951609000018],[121.65554625599998,16.28500634300002],[121.65546576600002,16.285048198000027],[121.65531444400006,16.28500634300002],[121.65526614999999,16.28494839000001],[121.65521785600004,16.284896876],[121.65515990300003,16.284848582],[121.65512126700003,16.28476809199998],[121.65505365599995,16.284726236999973],[121.65493131100004,16.284726236999973],[121.65484760100003,16.28476809199998],[121.65477033000002,16.284848582],[121.65469305900001,16.284880778],[121.65460934999999,16.284883998],[121.65455461600004,16.284838923],[121.65453207899998,16.284690821000027],[121.65445158900002,16.284694041000023],[121.65438075700001,16.284713357999976],[121.654303487,16.28476809199998],[121.65421977699998,16.284851801],[121.65418114199997,16.284906535],[121.65409099299995,16.28496770700002],[121.65403947899995,16.284990245000017],[121.654004063,16.285016000999974],[121.65391713400004,16.284983805000024],[121.65385596099998,16.284896876],[121.65385596099998,16.28482604499999],[121.65393323199999,16.284710139000026],[121.65398796500006,16.28458135400001],[121.653971867,16.284468667999988],[121.65391069400005,16.28433988400002],[121.65383986300003,16.28424329500001],[121.65378512999996,16.284137048],[121.65380122800002,16.284101631999988],[121.65383986300003,16.284037239999975],[121.65390425500004,16.284066216999975],[121.65394289100004,16.284140267999987],[121.653984745,16.284175683],[121.65405235699996,16.284191782],[121.65411353000002,16.284178903],[121.65414894599996,16.284127389],[121.65413606699997,16.284046898999975],[121.65416182399997,16.283976068000015],[121.65423909499998,16.283943872],[121.65432602400006,16.28396318900002],[121.65440007500001,16.283943872],[121.65440973399996,16.283882699],[121.654367879,16.283837625],[121.65418758099997,16.283721719000027],[121.65408777300001,16.283609032000015],[121.65399440399995,16.283502785],[121.65387205900004,16.28341263599998],[121.65379800799997,16.283364342000027],[121.65376259200002,16.28329351100001],[121.65374005499996,16.283238777],[121.65377225099996,16.283171165],[121.65387205900004,16.28310355399998],[121.65389459599999,16.283068137999976],[121.653920353,16.283000526000023],[121.65395898899999,16.282897499],[121.65406201600001,16.282833106],[121.65410387099996,16.282778372999985],[121.65409099299995,16.282710760999976],[121.65404591799995,16.282681785000023],[121.65395104100003,16.282679777999988],[121.65386239999998,16.282681785000023],[121.65381088699996,16.282633491000013],[121.65374971400001,16.282485388999987],[121.65373361599995,16.28236304400002],[121.65375937299996,16.28230831000002],[121.65387205900004,16.282256796000013],[121.65389459599999,16.282156988999986],[121.65388815699998,16.282063619999974],[121.65386562000003,16.282012106000025],[121.65392357300004,16.28198634900002],[121.65404591799995,16.281963812000015],[121.65414250599997,16.28199600800002],[121.65429382800005,16.282060399999978],[121.654290608,16.28214411],[121.654316365,16.282208502],[121.654387197,16.282182745],[121.65438397699995,16.282131231999983],[121.65444836899997,16.282073278999974],[121.65456749500004,16.282012106000025],[121.65458681200005,16.281912298],[121.65448378500002,16.281732],[121.654335683,16.281622533000018],[121.65422299700003,16.281542043],[121.65419724000003,16.281371404000026],[121.65408455299996,16.281287694000014],[121.65395576900005,16.281287694000014],[121.65389137700004,16.281332769000016],[121.65381410600003,16.281323110000017],[121.65375937299996,16.281229741],[121.65378512999996,16.280968953000013],[121.65382698500002,16.280894902],[121.65374649399996,16.28082407],[121.65372395700001,16.280756458999974],[121.65370785899995,16.280511768],[121.6536982,16.280434497999977],[121.653691761,16.280318592000015],[121.653685322,16.280260639],[121.65371429799995,16.280238101],[121.65377547100002,16.280228443],[121.65380766700002,16.280176929],[121.65651401900004,16.278196641000022],[121.651079116,16.276071824999974],[121.646715233,16.27357744],[121.64103923799996,16.273680472000024],[121.63865731700002,16.27306497799998],[121.63863012499996,16.273167704],[121.63846999299994,16.273376177999978],[121.63837028900002,16.273506096],[121.63806210999996,16.273787082000013],[121.637665116,16.27402695],[121.63732187799997,16.274288626999976],[121.63708621299998,16.274681403999978],[121.63697744399997,16.274744852000026],[121.63661814700004,16.274919953],[121.63629481800001,16.27493535000002],[121.635961695,16.274879630999976],[121.63578338599996,16.27476778],[121.63559349499997,16.274724901000013],[121.63663818099997,16.28271136799998],[121.63457367599995,16.30583459500002],[121.634984251,16.305827392000026]]]]}},{"type":"Feature","properties":{"kind":"barangay","psgc":"0205704007","name":"Cabua-an","area_sqkm":14.74,"valid_on":"2025-02-13","version":"v03","center_lonlat":[121.724998,16.30222]},"geometry":{"type":"MultiPolygon","coordinates":[[[[121.71596864900005,16.33203099399998],[121.71679860799998,16.331951138000022],[121.71713052799998,16.331685563],[121.71735167700001,16.331021780000015],[121.71785047599997,16.330405800999984],[121.719315617,16.329932772],[121.72009012499996,16.329534336],[121.72078175599995,16.329560703000027],[121.72136289699995,16.330171173],[121.72227596599998,16.330595707999976],[121.72346561100005,16.330754674],[121.72435091199998,16.330807524000022],[121.72501481200004,16.330594944999973],[121.72567854600004,16.329851383],[121.72587201199997,16.329240699000025],[121.72556748900001,16.328577062000022],[121.72498627200002,16.327754208999977],[121.72443270199994,16.326851697],[121.723436591,16.326241348],[121.72304900300003,16.32528567600002],[121.72332538800003,16.324409460000027],[121.72429326899999,16.32313478200001],[121.72489030700001,16.322097308000025],[121.72512247999998,16.321301285],[121.72561999499999,16.32020675299998],[121.72545415699994,16.319609736000018],[121.72558682700003,16.318813712],[121.726117509,16.31854837100002],[121.72707937099995,16.318084023999972],[121.72903626100003,16.317785516000015],[121.730694643,16.317752348],[121.73328171900005,16.317122163000022],[121.73507277099998,16.31692315700002],[121.7360678,16.316989492],[121.73709599699998,16.316757318999976],[121.73838953500001,16.316127134],[121.73915239099995,16.315065769],[121.73898655200003,16.31450192],[121.73858854100001,16.313606392999986],[121.73852220599997,16.313142046],[121.73848903800001,16.312478694],[121.73945089899996,16.311881675999985],[121.73952176399996,16.309864155000014],[121.75033758899997,16.291273966],[121.74850040299998,16.283843569],[121.746634104,16.28430838700001],[121.72437168800002,16.291969983],[121.71972614200001,16.293441270000017],[121.71951234899996,16.29345837400001],[121.71934131399996,16.293543891000013],[121.71913607299996,16.293620857],[121.71890517600002,16.293646512],[121.71868283200001,16.293783339000015],[121.71861441800002,16.293868856000017],[121.71864007299996,16.294065546000013],[121.71871703800002,16.294168167],[121.71876834900002,16.294262236],[121.71879868600001,16.29433178],[121.71877939399997,16.29443375300002],[121.71869671399998,16.294502653],[121.71858876299996,16.294467477000012],[121.705430192,16.293410025000014],[121.707705594,16.32892162899998],[121.713102897,16.331951781999976],[121.71461299700002,16.332031328000028],[121.71596864900005,16.33203099399998]]]]}},{"type":"Feature","properties":{"kind":"barangay","psgc":"0205704008","name":"Cofcaville","area_sqkm":12.04,"valid_on":"2025-02-13","version":"v03","center_lonlat":[121.706597,16.395462]},"geometry":{"type":"MultiPolygon","coordinates":[[[[121.724549066,16.405416892],[121.72637310000005,16.388395069000012],[121.71721321500002,16.38139087899998],[121.71557348199997,16.379853364999974],[121.70990730899996,16.37781668399998],[121.68672819400001,16.393901175],[121.68834946599998,16.397027646000026],[121.688403398,16.39707523300001],[121.68848270900003,16.397132336000027],[121.68856519200006,16.39717992300001],[121.688698434,16.397183095],[121.68873333099998,16.39717357799998],[121.68890464200001,16.397100611999974],[121.68898077999995,16.397097439999982],[121.68909498799997,16.397084749999976],[121.68917112600002,16.397084749999976],[121.68926947199998,16.397100611999974],[121.68928216100005,16.397164061000012],[121.68930436899996,16.397183095],[121.689355127,16.397252889000015],[121.68944712799998,16.397252889000015],[121.68950740399998,16.397252889000015],[121.68954547299995,16.39723385399998],[121.68959306,16.397195785],[121.68961843900001,16.397167233],[121.68967554300002,16.397186267999984],[121.68973264700003,16.397205301999975],[121.689830992,16.397252889000015],[121.68992933799996,16.397249715999976],[121.68995471699998,16.397230681999986],[121.68998009699999,16.397214819999988],[121.69001182099998,16.397214819999988],[121.6900372,16.397237027000017],[121.69009113200002,16.397271923],[121.690129201,16.397329027000012],[121.690189477,16.397354407000023],[121.69020216700005,16.397427373000028],[121.69022120099999,16.397503511000025],[121.690275133,16.397620890999974],[121.69037665099995,16.397709718999977],[121.690455961,16.39776365],[121.69055430699996,16.39776365],[121.69061141099996,16.397814408999977],[121.69057651399999,16.397887374999982],[121.69056699600003,16.397953996000012],[121.69051940999998,16.39799523800002],[121.69058920400005,16.398084066000024],[121.69067803200005,16.398084066000024],[121.69076686000005,16.398191929],[121.69079858400005,16.398236343],[121.69082396299996,16.398274411999978],[121.69075734199998,16.398328343],[121.69068754900002,16.398398137000015],[121.690662169,16.39846792999998],[121.69068437600004,16.39853137900002],[121.69074148000004,16.398582138],[121.690842998,16.398582138],[121.69091913600005,16.39862020700002],[121.69100479199994,16.39867731099997],[121.69106824100004,16.39873441499998],[121.69111265499998,16.39882324299998],[121.69115072399995,16.39890572600001],[121.69119513800001,16.39898503699999],[121.69127127599995,16.399080210000022],[121.691375967,16.39915634800002],[121.69149017400002,16.399267383],[121.69154093300006,16.399318142000027],[121.69162341599997,16.399435521999976],[121.69160755400003,16.399489453],[121.691521899,16.399498971000014],[121.69153141599998,16.399533868],[121.69162024399998,16.399603661000015],[121.69171858899995,16.399619523000013],[121.691794416,16.399645921],[121.691858175,16.399729967999974],[121.69186397199996,16.399808217999976],[121.691823397,16.399956024],[121.69184658300003,16.40011542299999],[121.69187556400004,16.400187877],[121.69189005500004,16.400196572000027],[121.69195091699999,16.40022845200002],[121.69204945399997,16.40022845200002],[121.69208423199996,16.400245840000025],[121.692121908,16.40027482199997],[121.69216538,16.400321193000025],[121.692214649,16.400379155999985],[121.69231318699997,16.40043132300002],[121.692350863,16.40041683200002],[121.69239143699997,16.40041103599998],[121.69243201100005,16.400428424999973],[121.69243490899999,16.400486388],[121.692443604,16.400524064000024],[121.69248417799997,16.40059362],[121.692550836,16.40059362],[121.69261749400005,16.400608111],[121.69265806800001,16.40061390699998],[121.692678355,16.40063709200001],[121.69268994799995,16.400663176000023],[121.69269864199998,16.40067766599998],[121.69273921599995,16.400732731],[121.692785587,16.400790695000012],[121.692892819,16.400819676000026],[121.692956578,16.400822574000017],[121.693084097,16.400779102],[121.69314495900005,16.400735629999986],[121.69321161699997,16.400666074000014],[121.69323770000005,16.400619703000018],[121.69326378300002,16.400605212000016],[121.69329566299996,16.400605212000016],[121.69333913599996,16.400608111],[121.69335652500001,16.400660276999986],[121.69340869099995,16.40077330600002],[121.69346085799998,16.400868945000013],[121.69353910899997,16.400950094],[121.69368691499994,16.401042835],[121.693733285,16.401066019999973],[121.69383472100003,16.401071816000012],[121.69388688799995,16.401071816000012],[121.69392746200003,16.401100798000016],[121.69397962899995,16.401176150000026],[121.694011509,16.401315262000026],[121.69404133800003,16.401475842000025],[121.69408857600001,16.40152982799998],[121.69404133800003,16.401654671000017],[121.69399916199995,16.401771359],[121.69399016399996,16.401854588],[121.69401715699996,16.40190632399998],[121.69401715699996,16.401980555000023],[121.69403065300003,16.40203679000001],[121.694068894,16.402072781000015],[121.69416336899997,16.402097524999988],[121.69425784500004,16.402106522],[121.69435007100003,16.40210427300002],[121.69440405700004,16.402102023],[121.69446479099997,16.402156009],[121.69453452300002,16.402216743999986],[121.69458625899995,16.402268479999975],[121.69462000099998,16.402317967999977],[121.69461550200003,16.402362956],[121.69454801899997,16.402421441],[121.69446703999995,16.40243493700001],[121.69437931300001,16.402439436],[121.694343322,16.402405695000027],[121.69429158599996,16.402392197999973],[121.69414087500002,16.402421441],[121.69406214499998,16.402437186999975],[121.69391312100004,16.402527163],[121.69387263199997,16.402601393999987],[121.69387263199997,16.402645258],[121.69387600599998,16.402736359000016],[121.69392661799998,16.402790345000028],[121.69395023699997,16.40281059],[121.69402784199997,16.40287132399999],[121.69404133800003,16.402898317],[121.69411894300003,16.402938807],[121.69421735499998,16.402999540999986],[121.69426009400001,16.403024284000026],[121.69427584000005,16.403114260999985],[121.69427584000005,16.403210985999976],[121.69423534999999,16.40328521700002],[121.69416561900005,16.403397687999984],[121.694086889,16.403496662],[121.69404414999997,16.403561895],[121.69402615499996,16.403611382],[121.69392493099997,16.403685613],[121.69382370699998,16.403683364000017],[121.69373148099999,16.403606883],[121.69357852099995,16.403507908999984],[121.69347954600005,16.403426930000023],[121.69341656300003,16.403393188999985],[121.693299593,16.403413434000015],[121.69320511700005,16.403478667],[121.693090397,16.403525904],[121.69300267000006,16.403575392],[121.69301391700003,16.40363162699998],[121.693025164,16.403683364000017],[121.69302741399997,16.403744098],[121.69297567700005,16.40391505399998],[121.69291044399995,16.404032023000013],[121.69291719199998,16.404115252],[121.692905945,16.404205228000023],[121.69286545600005,16.404241219000028],[121.69284521099996,16.404290705999983],[121.69293293800001,16.404340193],[121.69295093300002,16.404369436000025],[121.69300126400003,16.404413862000013],[121.69309236499998,16.40448978],[121.69320371200001,16.404550514],[121.69326950699997,16.404535329999987],[121.69342640399998,16.404484718],[121.69352762799997,16.404474596],[121.69363897400001,16.404474596],[121.69374525900002,16.404484718],[121.69385660499995,16.404535329999987],[121.69391227799997,16.404550514],[121.69397301200001,16.404616309],[121.69398313500005,16.404697288000023],[121.69402362400001,16.404773206000016],[121.69413497000005,16.404778266999983],[121.69432223399997,16.404773206000016],[121.69443358,16.404849124],[121.69447913099998,16.404904796999972],[121.69448925300003,16.405046509999977],[121.69449431500004,16.405183162000014],[121.69449937599995,16.405334998],[121.69449937599995,16.405436222],[121.69454492600005,16.405552629],[121.69464108900002,16.405623486000025],[121.69475749599997,16.405648792000022],[121.69492451600001,16.405613362999986],[121.695105453,16.405580466],[121.695325615,16.405580466],[121.69569002000003,16.405633608000016],[121.69586336600003,16.405805687999987],[121.69590385499998,16.40586979699998],[121.69593759700001,16.405903538000018],[121.696008453,16.405987891],[121.69599833100006,16.406149848999974],[121.69598145999998,16.406237577000013],[121.69594097100003,16.406359044999988],[121.695957841,16.406450146],[121.69603882000001,16.406672839],[121.69603882000001,16.406720076],[121.696062439,16.40683142300003],[121.69610292899995,16.406875286],[121.69622439700004,16.406892157000016],[121.696295254,16.406915776],[121.696369485,16.40691240199999],[121.69640997399995,16.407040618],[121.69651119800005,16.40722619500002],[121.69644371599998,16.407324045],[121.696345866,16.407499498999982],[121.69619740400003,16.407593975],[121.69614679200004,16.407637839000017],[121.69599833100006,16.407732313999986],[121.69585999200001,16.4077863],[121.69576888999995,16.407836912],[121.69575876800002,16.407880776000013],[121.69576551600005,16.407928013],[121.695782387,16.407965129],[121.695856618,16.408022489000018],[121.69588698500002,16.408052855999983],[121.69594097100003,16.408086597000022],[121.69597808599997,16.408157454],[121.69598145999998,16.408285670999987],[121.69597133800005,16.408397017000027],[121.69597133800005,16.40847462200003],[121.69605231699995,16.408552226999973],[121.69613920100005,16.408660199],[121.69618475100003,16.408731054999976],[121.69631549899998,16.40887783],[121.69633574399995,16.40896218300003],[121.69635261400003,16.409046536],[121.69634249199999,16.409117392999974],[121.69622439700004,16.40918824900001],[121.69610292899995,16.409306344000015],[121.696089432,16.40935695500002],[121.696089432,16.409421064000014],[121.696089432,16.409464926999988],[121.69614341800002,16.409539157999973],[121.69623451999996,16.409653879000018],[121.69644034099997,16.409805714000015],[121.69653819099995,16.409903564],[121.69660904800003,16.40997104600001],[121.69669677499996,16.410095889],[121.69673726400003,16.410099263],[121.69681824300005,16.410079017999976],[121.69690597099998,16.41002840599998],[121.69692621499996,16.409977794999975],[121.69697682699996,16.40995755],[121.69701056899999,16.40995755],[121.69706792900001,16.40995755],[121.69709829600004,16.409940678999988],[121.69714553400001,16.409890067],[121.69720964199996,16.409903564],[121.69728049900004,16.409950802000026],[121.69732436200002,16.41003852900002],[121.69728387299995,16.41012962999997],[121.69716915200001,16.410267969000017],[121.69715902999997,16.410318581000013],[121.69721976400001,16.410379315],[121.69722988700005,16.410433301000012],[121.69714890800003,16.410463669000023],[121.69707467700005,16.410527777000027],[121.69698357599998,16.41060538200003],[121.69691946700004,16.41060538200003],[121.69682836599998,16.410531150999986],[121.69673389000002,16.410477164999975],[121.69666640800006,16.410477164999975],[121.69664278899995,16.41050415799998],[121.696625918,16.410571641],[121.69653481700004,16.410655994000024],[121.69644709,16.410736972999985],[121.69637960700004,16.410743721000017],[121.696268261,16.410743721000017],[121.69615016700004,16.41063912300001],[121.69609280600002,16.410588511000014],[121.696035446,16.410521029],[121.696011827,16.410440049999977],[121.695984834,16.410338825999986],[121.69589710699995,16.410254473],[121.69579588299996,16.410224105999987],[121.69567104099997,16.410217357000022],[121.69556644299996,16.410237602],[121.69550908300005,16.41019711299998],[121.69549896,16.410143127000026],[121.69551868400004,16.41005092],[121.69553607600005,16.409869823],[121.695522579,16.409819211000013],[121.695471967,16.409717987000022],[121.695417981,16.40966400100001],[121.69535049900003,16.40956615099998],[121.69523915299999,16.40954253199999],[121.69512443199994,16.40954253199999],[121.69498946700003,16.409556028999987],[121.69485112799998,16.409579647999976],[121.694547457,16.409576274000017],[121.69443948499998,16.409593143999984],[121.69432476500003,16.40974160600001],[121.69428090099996,16.409886692999976],[121.694318017,16.409944053],[121.69437200300001,16.409994665],[121.694469852,16.41003852900002],[121.69453396100005,16.41013975300001],[121.694598069,16.41024097600001],[121.69458457200005,16.41038269],[121.69454408299998,16.41042655299998],[121.69449009699997,16.410490661999972],[121.69450021900002,16.41059525999998],[121.69449009699997,16.41069310900002],[121.69440574400005,16.410838196999975],[121.69436187999997,16.41090230499998],[121.69436187999997,16.410952916999975],[121.69440574400005,16.41101702499998],[121.69443611099996,16.411077759000023],[121.694496845,16.411145241999975],[121.69456095400005,16.411182356999973],[121.69461493999995,16.411175609],[121.694675674,16.411175609],[121.69471278900005,16.411222846999976],[121.694733069,16.411301601],[121.69472456999995,16.411505563],[121.69476706299997,16.41174351799998],[121.69475006599998,16.411913486],[121.69461409099995,16.412066458000027],[121.694418628,16.41215993999998],[121.69426565599997,16.412227927],[121.69427415500002,16.412338407],[121.69431664700005,16.412414892000015],[121.69441012899995,16.412525372],[121.69458009799996,16.412763327],[121.69453760500005,16.412975787],[121.69449511300002,16.413247737],[121.694401631,16.413528183999972],[121.69425715800003,16.413749143000018],[121.69413817999998,16.413876619],[121.69407869099996,16.414021091999984],[121.69418067200002,16.414123072999985],[121.69426565599997,16.414157065999973],[121.694418628,16.41419106],[121.69454610399998,16.414199558],[121.69467357999997,16.414250548999973],[121.694826551,16.414318536],[121.69497102399998,16.414242049999984],[121.69501351600002,16.414080581],[121.69506450699998,16.413885117],[121.69510699900002,16.413749143000018],[121.695234475,16.413698152],[121.69529396400003,16.413749143000018],[121.69541294199996,16.413885117],[121.69553829300003,16.414157065999973],[121.69558014400002,16.41436113399999],[121.69564554600004,16.41449193699998],[121.69580475700002,16.414745965],[121.696585497,16.414719701000024],[121.70894908000002,16.413027329999977],[121.72461886600001,16.415500345],[121.724549066,16.405416892]]]]}},{"type":"Feature","properties":{"kind":"barangay","psgc":"0205704009","name":"Diduyon","area_sqkm":3.09,"valid_on":"2025-02-13","version":"v03","center_lonlat":[121.659636,16.313991]},"geometry":{"type":"MultiPolygon","coordinates":[[[[121.65757247399995,16.323761621000017],[121.66442894500005,16.321760942000026],[121.66493224199996,16.32185530999999],[121.66539359800004,16.322180356],[121.66603320399997,16.322557829],[121.66623242599997,16.322683653000013],[121.66670426600001,16.32274656499999],[121.66714465099994,16.322736080000027],[121.66814075900004,16.322568314000023],[121.66893764600002,16.322411034000027],[121.66912638199994,16.32216987100003],[121.66943045699998,16.32185530999999],[121.67009103400005,16.321635118000017],[121.67057336100004,16.321226189000015],[121.67120248200001,16.320733378],[121.67215664800005,16.320251052],[121.67259703299999,16.319967947],[121.67288013799998,16.31966387199998],[121.67302648600003,16.319295338000018],[121.670905135,16.317864659],[121.66888245099994,16.315940642999976],[121.66779710799995,16.31510196900001],[121.66587309199997,16.312487280000028],[121.66419574500003,16.311155268999983],[121.66306106900004,16.310267262000025],[121.66296240099996,16.308787248999977],[121.66330633999996,16.307814872999984],[121.66370240699996,16.306665898],[121.66449174700006,16.304445879000014],[121.661142562,16.304210652999984],[121.65688305599997,16.303988506],[121.65394249300005,16.305834323],[121.65207947500005,16.30718834100003],[121.65214182399995,16.309190108],[121.65216349399998,16.309885174999977],[121.65222813800005,16.312857748],[121.65231148999999,16.315766895000024],[121.652314843,16.315890970999988],[121.65230142999997,16.316031813],[121.652314843,16.316125708000015],[121.65241879799999,16.316233017],[121.65251269299995,16.316259844],[121.652650183,16.31624978399998],[121.65279773199995,16.31624978399998],[121.65294863500003,16.316243077000024],[121.65300899600004,16.316253137],[121.653099537,16.316420806999986],[121.65310624400001,16.316518056],[121.65311630400004,16.316662251000025],[121.65318337199994,16.317098193],[121.65319343199997,16.317285982999977],[121.65327056000001,16.317487186],[121.65330409399996,16.317685037],[121.653320861,16.31783929300002],[121.65319678599997,16.317963368],[121.65316325200001,16.31804384999998],[121.65312971799995,16.318191399],[121.65312636500005,16.31828529400002],[121.65311295100003,16.31838925],[121.65308947699998,16.318463023999982],[121.65313977799997,16.318509972000015],[121.65330074099995,16.318694408],[121.65339798900004,16.31880507],[121.65344829000003,16.318838604],[121.65339463600003,16.318925793],[121.65328397400003,16.319063282],[121.65324373299995,16.319190710999976],[121.65326049999999,16.319274545999974],[121.65331080099998,16.31932484700002],[121.653377869,16.31931814],[121.65352541799996,16.319304725999984],[121.653662908,16.31932484700002],[121.65374674199995,16.319388560999982],[121.65375009599995,16.319462336000015],[121.65375344899996,16.31955623099998],[121.65376350899999,16.31962665200001],[121.65376686299999,16.31974066700002],[121.65368302800005,16.319817796],[121.65363943399996,16.319874803],[121.65356565900004,16.32007265300001],[121.65357907299995,16.320179962],[121.65357907299995,16.32024703000002],[121.65372662200002,16.320387873000016],[121.65375680299996,16.320448234000025],[121.65373332900003,16.320491828],[121.65376686299999,16.32054883500001],[121.65379704300005,16.32063267],[121.653770216,16.320699737999973],[121.65379033700003,16.320776866000017],[121.653833931,16.320840581000027],[121.65389093800002,16.32095459599998],[121.65396806599995,16.32105519800001],[121.65402507399995,16.321108852],[121.65411226200001,16.32116586],[121.65411896900002,16.321219514],[121.65413238300005,16.32125975500003],[121.65415920999999,16.321283229000016],[121.65423633800003,16.321273169],[121.65426987199999,16.321236280999983],[121.654330233,16.321232927999972],[121.65436711999996,16.321286582000027],[121.65437047399996,16.321343590000026],[121.65434364700002,16.321467666],[121.65428999200003,16.321608508],[121.65418603700004,16.321742643999983],[121.65416927000001,16.321756057000016],[121.65407872900005,16.321779531],[121.65391105900005,16.321860013],[121.65390099900003,16.321927081000013],[121.653937886,16.321994147999987],[121.65393117899998,16.32206457],[121.65395800600004,16.32212493100002],[121.65401501400004,16.322208766000017],[121.65408878899996,16.322235593000016],[121.65419609699995,16.322235593000016],[121.65426732900005,16.322275778],[121.65433660899998,16.322371703999977],[121.65438457200003,16.322451641999976],[121.654365031,16.322512039],[121.65430996299995,16.32257243700002],[121.65431706799995,16.322615070999973],[121.65433305600004,16.322657704],[121.65439167700004,16.322682574],[121.65441832299996,16.322659481000017],[121.65446406800004,16.322630475999972],[121.65454796699998,16.322665581000024],[121.65461774300002,16.322797788],[121.65472057199997,16.322985083],[121.65475729599996,16.323065875999987],[121.65484543499997,16.323076894],[121.65489684900001,16.323117291000017],[121.65492990099995,16.32317972200002],[121.65492990099995,16.323264188],[121.65494826300005,16.32331560199998],[121.655040074,16.323370689],[121.65518329899999,16.32338170600002],[121.65524940299997,16.323480862],[121.655319179,16.323642448999976],[121.65534488599997,16.32378567400002],[121.65757247399995,16.323761621000017]]]]}},{"type":"Feature","properties":{"kind":"barangay","psgc":"0205704010","name":"Dipintin","area_sqkm":5.48,"valid_on":"2025-02-13","version":"v03","center_lonlat":[121.664619,16.290726]},"geometry":{"type":"MultiPolygon","coordinates":[[[[121.66587309199997,16.302916532999973],[121.66740243799995,16.301535188],[121.66927712100005,16.300203177000014],[121.672039811,16.297144484],[121.67401316099995,16.294776464],[121.676035845,16.29250711200001],[121.67662785000005,16.289497752999978],[121.676671436,16.28814472900001],[121.67667718300004,16.287919073000012],[121.676430515,16.285945723],[121.67504916999997,16.28490971399998],[121.673125153,16.284268376],[121.672039811,16.28352836900001],[121.670905135,16.281061681999972],[121.670169493,16.278606337999975],[121.664894517,16.277892052000027],[121.65789089700002,16.276956910000024],[121.657609665,16.277248550000024],[121.65715594599999,16.27770357000003],[121.65651401900004,16.278196641000022],[121.65380766700002,16.280176929],[121.65377547100002,16.280228443],[121.65371429799995,16.280238101],[121.653685322,16.280260639],[121.653691761,16.280318592000015],[121.6536982,16.280434497999977],[121.65370785899995,16.280511768],[121.65372395700001,16.280756458999974],[121.65374649399996,16.28082407],[121.65382698500002,16.280894902],[121.65378512999996,16.280968953000013],[121.65375937299996,16.281229741],[121.65381410600003,16.281323110000017],[121.65389137700004,16.281332769000016],[121.65395576900005,16.281287694000014],[121.65408455299996,16.281287694000014],[121.65419724000003,16.281371404000026],[121.65422299700003,16.281542043],[121.654335683,16.281622533000018],[121.65448378500002,16.281732],[121.65458681200005,16.281912298],[121.65456749500004,16.282012106000025],[121.65444836899997,16.282073278999974],[121.65438397699995,16.282131231999983],[121.654387197,16.282182745],[121.654316365,16.282208502],[121.654290608,16.28214411],[121.65429382800005,16.282060399999978],[121.65414250599997,16.28199600800002],[121.65404591799995,16.281963812000015],[121.65392357300004,16.28198634900002],[121.65386562000003,16.282012106000025],[121.65388815699998,16.282063619999974],[121.65389459599999,16.282156988999986],[121.65387205900004,16.282256796000013],[121.65375937299996,16.28230831000002],[121.65373361599995,16.28236304400002],[121.65374971400001,16.282485388999987],[121.65381088699996,16.282633491000013],[121.65386239999998,16.282681785000023],[121.65395104100003,16.282679777999988],[121.65404591799995,16.282681785000023],[121.65409099299995,16.282710760999976],[121.65410387099996,16.282778372999985],[121.65406201600001,16.282833106],[121.65395898899999,16.282897499],[121.653920353,16.283000526000023],[121.65389459599999,16.283068137999976],[121.65387205900004,16.28310355399998],[121.65377225099996,16.283171165],[121.65374005499996,16.283238777],[121.65376259200002,16.28329351100001],[121.65379800799997,16.283364342000027],[121.65387205900004,16.28341263599998],[121.65399440399995,16.283502785],[121.65408777300001,16.283609032000015],[121.65418758099997,16.283721719000027],[121.654367879,16.283837625],[121.65440973399996,16.283882699],[121.65440007500001,16.283943872],[121.65432602400006,16.28396318900002],[121.65423909499998,16.283943872],[121.65416182399997,16.283976068000015],[121.65413606699997,16.284046898999975],[121.65414894599996,16.284127389],[121.65411353000002,16.284178903],[121.65405235699996,16.284191782],[121.653984745,16.284175683],[121.65394289100004,16.284140267999987],[121.65390425500004,16.284066216999975],[121.65383986300003,16.284037239999975],[121.65380122800002,16.284101631999988],[121.65378512999996,16.284137048],[121.65383986300003,16.28424329500001],[121.65391069400005,16.28433988400002],[121.653971867,16.284468667999988],[121.65398796500006,16.28458135400001],[121.65393323199999,16.284710139000026],[121.65385596099998,16.28482604499999],[121.65385596099998,16.284896876],[121.65391713400004,16.284983805000024],[121.654004063,16.285016000999974],[121.65403947899995,16.284990245000017],[121.65409099299995,16.28496770700002],[121.65418114199997,16.284906535],[121.65421977699998,16.284851801],[121.654303487,16.28476809199998],[121.65438075700001,16.284713357999976],[121.65445158900002,16.284694041000023],[121.65453207899998,16.284690821000027],[121.65455461600004,16.284838923],[121.65460934999999,16.284883998],[121.65469305900001,16.284880778],[121.65477033000002,16.284848582],[121.65484760100003,16.28476809199998],[121.65493131100004,16.284726236999973],[121.65505365599995,16.284726236999973],[121.65512126700003,16.28476809199998],[121.65515990300003,16.284848582],[121.65521785600004,16.284896876],[121.65526614999999,16.28494839000001],[121.65531444400006,16.28500634300002],[121.65546576600002,16.285048198000027],[121.65554625599998,16.28500634300002],[121.65562030700005,16.284951609000018],[121.65567182100006,16.284900096],[121.65575231100001,16.284842143],[121.65582636199997,16.284883998],[121.65588431499998,16.284961268000018],[121.656032417,16.284970927000018],[121.65617085999997,16.284980586000017],[121.65630286400005,16.284970927000018],[121.656299644,16.284945170000015],[121.656364037,16.284906535],[121.65644130700002,16.284932292],[121.65666667999994,16.285012782000024],[121.65686629599998,16.285122248999983],[121.65693390700005,16.285148005],[121.65708200899996,16.28515444499999],[121.65719791499998,16.285238155],[121.65725908800005,16.285350841000025],[121.65723977000005,16.285498943],[121.65718181700004,16.285547237],[121.65712386400003,16.285685679999972],[121.65708200899996,16.285791927],[121.656962884,16.285869198],[121.65690171100005,16.28598510400002],[121.65686307600004,16.286126766999985],[121.65679546399997,16.286204037],[121.656650582,16.28627486900001],[121.656637703,16.286316724000017],[121.65663448400005,16.286406872999976],[121.65665380099995,16.28651312],[121.65667955799995,16.286587171],[121.656637703,16.286712736000027],[121.656565957,16.286811913],[121.65642520899996,16.28692523],[121.65630930299994,16.286992842000018],[121.65622881299998,16.287082990999977],[121.65618695800003,16.287263289],[121.65615798199997,16.287395292999975],[121.65615476200003,16.287536955],[121.65614832300002,16.287623885000016],[121.65601953800001,16.287733351999975],[121.65590685200004,16.287797743999988],[121.65580060499997,16.287791304999985],[121.655642844,16.287791304999985],[121.65555269499998,16.287743009999986],[121.65553659700004,16.287646422000023],[121.65547220500002,16.287546614],[121.65542391099996,16.287440366999988],[121.655330542,16.287446806],[121.65521141700003,16.287485442],[121.65515346400002,16.287533736],[121.65512770700002,16.287697935999972],[121.65509551100001,16.28777842599999],[121.65507941299995,16.287881454],[121.65506975400001,16.288061751999976],[121.65505365599995,16.288345076999974],[121.65505043600001,16.288470642],[121.65495062800005,16.28863484200002],[121.65475423199996,16.28872499099998],[121.65455461600004,16.28881836],[121.65447412599997,16.288824799],[121.65442905199995,16.288927827],[121.65437109899995,16.289005096999972],[121.65424875300005,16.289059830999975],[121.65418758099997,16.289030853999975],[121.65411996900002,16.289017976000025],[121.653991185,16.28910168599998],[121.65388493800003,16.289207933],[121.65389459599999,16.289272325000013],[121.65394611,16.289401108999982],[121.65390747499998,16.289420426999982],[121.65379800799997,16.289449403],[121.65368210199995,16.289436524999985],[121.65346638799997,16.289481599],[121.65340199599996,16.289610384000014],[121.653347263,16.28975204699998],[121.65329252900005,16.28989370900001],[121.65321847799999,16.290086885999983],[121.65316696499997,16.290196353],[121.65307037599996,16.29022211],[121.6530414,16.290170596],[121.65305105899995,16.29009010599998],[121.653022082,16.29004181099998],[121.65289973699998,16.290038591999974],[121.65284178399997,16.29007078799998],[121.65277417200002,16.290096544999983],[121.65270656099995,16.290128741],[121.65246187000002,16.290099764],[121.652365282,16.290096544999983],[121.65219142299998,16.290189913],[121.65218820400003,16.290251086000012],[121.65220752100004,16.290296161000015],[121.65227835300004,16.290347673999975],[121.652365282,16.290431383999987],[121.65244899200002,16.290460360999987],[121.65254236099997,16.29056338800001],[121.65262607,16.290634219000026],[121.65293599300003,16.29079360100002],[121.65338361700003,16.291077807000022],[121.65348308900002,16.29124122500002],[121.65358966600002,16.291475694999974],[121.65365361199997,16.291582272000028],[121.653795715,16.291681744000016],[121.65395913400005,16.291852268000014],[121.65406571100004,16.292008581],[121.65420781399996,16.292150683999978],[121.65439254800003,16.292264365999984],[121.65451333500005,16.292243051000014],[121.65465543799996,16.292200419999972],[121.65496806399995,16.292321206999986],[121.655358847,16.292505941],[121.65542989899996,16.292719095],[121.65543700399996,16.292868302999977],[121.65545121399998,16.292981985999972],[121.65553647599995,16.293038826999975],[121.65565015799996,16.293124089],[121.65567857899998,16.293266190999987],[121.65615495500003,16.296447248999982],[121.65603128700002,16.296433508],[121.655852655,16.296438088],[121.65567402299996,16.296460990000014],[121.65554577399996,16.296506793],[121.65538088300002,16.296543435],[121.65528011599997,16.296589239000014],[121.65520962300002,16.296607343],[121.65520634400002,16.29663685600002],[121.65524569499996,16.296708998999975],[121.65528832500001,16.296781141999986],[121.65522274,16.297191044999977],[121.65512108400003,16.297591109999985],[121.65509484999995,16.29769276600001],[121.65492105199996,16.297728838000012],[121.65479562099995,16.29772719800002],[121.654554598,16.29772719800002],[121.65438243899996,16.29772719800002],[121.65413649699997,16.297776387],[121.65396433800004,16.29783049399998],[121.65357574999996,16.297879681999973],[121.65328553899997,16.29787476299998],[121.65303959699997,16.297879681999973],[121.65271003500004,16.297938708],[121.652459174,16.298037084999976],[121.65231652800003,16.298130543000013],[121.652247665,16.298224001],[121.65204107299996,16.298332215000016],[121.65223548899996,16.299277279000023],[121.65255264500001,16.299342336999985],[121.652845404,16.299431791000018],[121.65300804799995,16.299529377],[121.65305684099997,16.299594435000017],[121.65313003100005,16.299797738999985],[121.65324388099998,16.2998384],[121.65339839299997,16.29992785500002],[121.65362609500005,16.30005797000001],[121.65376434200004,16.300106762999974],[121.65392698599999,16.300090497999975],[121.654114026,16.300179953],[121.65422787700004,16.300293802999988],[121.65439052099998,16.300464579],[121.65451250399997,16.30054590100002],[121.65472394100004,16.300635355],[121.65500043500003,16.300684149],[121.65512241800002,16.300684149],[121.655211872,16.300667884],[121.655398913,16.30067601600001],[121.65548836699998,16.30069228100001],[121.655569689,16.300781734999987],[121.65573233299995,16.300789867],[121.65585431600005,16.300895586000024],[121.65604135599995,16.300976908],[121.65619951500003,16.30116510099998],[121.65628507899999,16.30118065800002],[121.65640175700003,16.301281777999975],[121.65639397799998,16.301468462],[121.65639397799998,16.30163958999998],[121.65645620600003,16.301771824000014],[121.65660399800004,16.301787381],[121.65682957499996,16.301771824000014],[121.65696958800004,16.301841831],[121.65703609800005,16.30194266],[121.657072374,16.30202730299999],[121.65703005199998,16.302196589],[121.65690308700005,16.302311460999988],[121.65680030700003,16.302523069000017],[121.65663706700002,16.30283745700001],[121.65663102099995,16.302928146],[121.65654637800003,16.30301883499999],[121.65650405600002,16.303103478000025],[121.656491964,16.303206258999978],[121.65655846899995,16.303302993999978],[121.65660683700003,16.303417867],[121.65651614800004,16.303599244],[121.656500167,16.303804301000014],[121.65666759400006,16.303840177999973],[121.65688305599997,16.303988506],[121.661142562,16.304210652999984],[121.66449174700006,16.304445879000014],[121.66587309199997,16.302916532999973]]]]}},{"type":"Feature","properties":{"kind":"barangay","psgc":"0205704011","name":"Divisoria Norte","area_sqkm":4.39,"valid_on":"2025-02-13","version":"v03","center_lonlat":[121.734582,16.400427]},"geometry":{"type":"MultiPolygon","coordinates":[[[[121.73038909499996,16.40904310899998],[121.73400277200005,16.405350247],[121.73585852600002,16.406203659000028],[121.73641209300001,16.40554828400002],[121.73803767100003,16.403922706],[121.73854340599996,16.403380846],[121.73922976100005,16.402441624],[121.73977162000006,16.401935888000025],[121.74045195500003,16.401743227],[121.741029938,16.401719145000015],[121.74175241700004,16.401791393],[121.74264347500002,16.401502401000016],[121.74353453200001,16.401068914],[121.74447375499994,16.39969620300002],[121.745075821,16.39774551],[121.74555747299996,16.395818899],[121.74534072999995,16.39408494899999],[121.74500357299996,16.393169809000028],[121.74478682899996,16.391676685999983],[121.74428109400003,16.390665215000013],[121.74354085899995,16.389661709],[121.74400130699996,16.387819916000012],[121.74397107799996,16.386405416],[121.74079399000004,16.386320884999975],[121.72637310000005,16.388395069000012],[121.724549066,16.405416892],[121.72461886600001,16.415500345],[121.73038909499996,16.40904310899998]]]]}},{"type":"Feature","properties":{"kind":"barangay","psgc":"0205704012","name":"Dumabato Norte","area_sqkm":6.85,"valid_on":"2025-02-13","version":"v03","center_lonlat":[121.65561,16.35068]},"geometry":{"type":"MultiPolygon","coordinates":[[[[121.67283683699998,16.36410556499999],[121.67274727699998,16.363983437],[121.67271470900005,16.363869451000028],[121.67296710699998,16.363714755],[121.67321136299995,16.36369033],[121.673333491,16.36377988999999],[121.67342305099999,16.363885734],[121.673659165,16.363885734],[121.67383014400002,16.363804316000028],[121.67391156300005,16.36363333700001],[121.673919705,16.363478640999972],[121.67384642800005,16.36337279700001],[121.67389527900002,16.363177393],[121.67389527900002,16.363063407000027],[121.67398483900001,16.363014555],[121.67409882499999,16.362998272000027],[121.67414767699995,16.36303898099999],[121.67429422999999,16.36315296700002],[121.67435936499999,16.36329952],[121.67449777700006,16.36330766200001],[121.67462804599995,16.363185534000024],[121.67467689700004,16.36297384599999],[121.67477459999998,16.36284357599999],[121.67489672800002,16.362729590000015],[121.67483159300002,16.362013107],[121.67487230200004,16.361695574],[121.67487230200004,16.36145131799998],[121.674685039,16.361231487999987],[121.67450591800002,16.361182637000013],[121.67435936499999,16.36115007],[121.67421281099996,16.361044225],[121.67416395999999,16.360808110999983],[121.67422909499999,16.360653416],[121.67442449999999,16.360523146],[121.67454319700005,16.360449601000028],[121.67428031199995,16.36034736900001],[121.67404663699995,16.360201322000023],[121.67390059000002,16.360077182],[121.67373263599995,16.360018763000028],[121.67368882200003,16.359850809000022],[121.673878683,16.35950029600002],[121.67408314900001,16.359317737000026],[121.67430221899997,16.35907676],[121.67463812699998,16.35887229399998],[121.67484989499997,16.35881387500001],[121.67503245399996,16.358638618999976],[121.67503245399996,16.358390338999982],[121.67493022099995,16.358149361000017],[121.67486450000001,16.357988708999983],[121.67471845299997,16.357776941],[121.67459431299994,16.35761629000001],[121.67449208000005,16.357411824],[121.67447017300003,16.357302289000017],[121.67449208000005,16.357229265],[121.67453589399997,16.35697368299998],[121.67449938300001,16.356718101000013],[121.67428761400004,16.356367588000012],[121.67417807899994,16.356119308000018],[121.67404663699995,16.355892934999986],[121.67395900899999,16.3557834],[121.67374724000001,16.355557026999975],[121.67365230999997,16.355513213],[121.67355007699996,16.355498608],[121.67344054199998,16.355498608],[121.67337977700004,16.355412273000013],[121.67331640199995,16.35530874699998],[121.67325068100001,16.355155398000022],[121.673148448,16.355118886000014],[121.67301700500002,16.355126187999986],[121.672863656,16.355126187999986],[121.67260077100002,16.355053165000015],[121.67246932900002,16.354856000999973],[121.67237439899998,16.354629628],[121.672242956,16.354403256000012],[121.67214802599995,16.354279115999987],[121.67200928099999,16.35422799899999],[121.67192165300003,16.35411846400001],[121.67193625799996,16.353862881999987],[121.67200197900002,16.353599997],[121.67206769999996,16.353388229000018],[121.67203849099997,16.353212972],[121.67193625799996,16.353125343999977],[121.67157751599996,16.35300250900002],[121.67111839400002,16.352847855],[121.67082630000004,16.35264338899998],[121.67050499699997,16.352409713999975],[121.66999383200005,16.351883945],[121.66972364599997,16.351416594],[121.66957759900004,16.351109896000025],[121.66954108699997,16.350927336999973],[121.66955569100003,16.350759383000025],[121.66948996999997,16.350576823999972],[121.66935852799998,16.350416172],[121.66927090000001,16.35029933499999],[121.66918327200005,16.350233614],[121.66914676,16.350094868999975],[121.66905913200003,16.349963426999977],[121.669066434,16.349737054],[121.66911024800004,16.349612913999977],[121.66922708599998,16.349452262],[121.66945345900001,16.349313516999985],[121.66967252899997,16.34932082],[121.66977476199997,16.34940844800002],[121.66983318099994,16.34945956399997],[121.67009606500005,16.349444960000028],[121.670315136,16.349401146],[121.67041006600004,16.349284308],[121.67051229900005,16.34907254],[121.67063643899996,16.348919191],[121.670548811,16.348780445999978],[121.67043927600002,16.34862709700002],[121.67042467099998,16.348517561],[121.67030783400003,16.34823276999998],[121.67030783400003,16.348072118],[121.67024211199998,16.347911466000028],[121.670264019,16.347641279000015],[121.67035895000004,16.34746602299998],[121.670366252,16.347327278000023],[121.670315136,16.347210441000016],[121.67008876299997,16.34702058],[121.66982587799998,16.346757695],[121.669665227,16.346509415000014],[121.669533784,16.34632685600002],[121.66928550399996,16.346012855000026],[121.66908103900005,16.345866807999982],[121.66889117799997,16.345830295999974],[121.66859178100003,16.345669644999987],[121.66829968699994,16.345487086],[121.668263175,16.345100060999982],[121.66803680299995,16.344946712000024],[121.66777391799997,16.344669222999983],[121.66761326599999,16.34453778],[121.66764247599997,16.344194570000013],[121.66781672299999,16.34323039999998],[121.66883213999995,16.339510597000015],[121.66843974000005,16.33712398900002],[121.66812709500005,16.33720215],[121.66780057000005,16.337275407],[121.666770272,16.337455515999977],[121.66528789400002,16.337749657000018],[121.66383628000006,16.33800818399999],[121.66267301100004,16.338233996999975],[121.66158307499995,16.33838121399998],[121.66087488999995,16.338479923000023],[121.66006675100004,16.338622536],[121.65929426499997,16.338741379999988],[121.65849801000002,16.338883993000024],[121.65830827900004,16.338912290999986],[121.65256312300005,16.339937299999974],[121.65246819200001,16.33990809],[121.652314843,16.339762043],[121.65199353900005,16.339521065999975],[121.65175256199996,16.339389623999978],[121.65144586300005,16.33927278599998],[121.651197583,16.33928008800001],[121.65087628000003,16.339345809],[121.65070102300001,16.339448042000015],[121.650518465,16.33966711300002],[121.65051116200004,16.339798555000016],[121.65061339500005,16.34010525399998],[121.650628,16.340411953],[121.65053306899995,16.34074786100001],[121.65043083600006,16.340959629],[121.650233673,16.341193304],[121.65014604500004,16.341193304],[121.65001460200006,16.341134884999974],[121.64986125300004,16.341120280999974],[121.64942311200002,16.34114949000002],[121.649218646,16.34121521100002],[121.64904338999997,16.341259025],[121.64892655200003,16.341310142],[121.648751296,16.341638747],[121.64868557499994,16.341762887000016],[121.64858334200005,16.341879725000013],[121.64850301599995,16.342054981],[121.64837887600004,16.342310564],[121.64826934099995,16.342442006],[121.648021061,16.342544239],[121.64769245499997,16.342602657999976],[121.64742226800001,16.342551540999978],[121.64710826700002,16.342412797],[121.64675775399996,16.342201027999977],[121.646385334,16.341974656],[121.64615896199996,16.341792097],[121.646151659,16.341667957000027],[121.646151659,16.34152921200001],[121.64608593800006,16.341412375],[121.64602751899997,16.341375863],[121.645706216,16.341426979],[121.64558207599998,16.34152921200001],[121.64541412200003,16.34174098],[121.645319191,16.34206958599998],[121.645289982,16.342668378999974],[121.64516584199998,16.343026194],[121.64512933000003,16.343296381000016],[121.64510012100004,16.343515450999973],[121.64494677100004,16.343917080999972],[121.64483723599994,16.344201871999985],[121.64460356100005,16.344603501999984],[121.64440639700001,16.344910200000015],[121.64423114099998,16.34515848],[121.644121606,16.34540676],[121.64409239600002,16.345611226000017],[121.64428225799998,16.345852203],[121.64459625899997,16.346173507],[121.64464737499998,16.346494810000024],[121.64469849099999,16.346984067999983],[121.64477881699997,16.347414905999983],[121.64477881699997,16.347568255999988],[121.64477881699997,16.34779462900002],[121.64469849099999,16.34793337299999],[121.64462546799996,16.348130536999975],[121.64468388700004,16.348327700000027],[121.64469849099999,16.348437235],[121.64477881699997,16.348612491999972],[121.64476421300003,16.348707422000018],[121.64463277000004,16.348816957999986],[121.644435607,16.348868074],[121.64431876900005,16.348838865],[121.64406318700003,16.348780445999978],[121.643807605,16.348751236999988],[121.64358853399995,16.348619794],[121.64339867299998,16.348459143000014],[121.64304816000003,16.348145140999975],[121.64269764799997,16.347699697999985],[121.64252471600003,16.34748134199998],[121.64013441700001,16.356208327],[121.65685836700004,16.360994826000024],[121.65868390900005,16.362754750000022],[121.65872575100002,16.36267106600002],[121.65878618900001,16.362624574],[121.65887917199996,16.362629223],[121.65895820699996,16.36264782],[121.65900004900004,16.362717557],[121.65907443499998,16.362773345999983],[121.65916741700005,16.36283378500002],[121.65926504900006,16.36287097799999],[121.65929294399996,16.363024398999983],[121.65931153999998,16.36322431100001],[121.65931153999998,16.363382381],[121.65932548700005,16.36351255699998],[121.659348733,16.363610188],[121.65945101399996,16.36375431099998],[121.65952075099995,16.363824048000026],[121.6595254,16.363889135000022],[121.65957653999999,16.363949574],[121.65965092600004,16.364000713999985],[121.65975785600006,16.364033258],[121.65988338199998,16.36399606499998],[121.659920575,16.363917029999982],[121.65993452199996,16.363810100000023],[121.659901978,16.36372641600002],[121.65988178199996,16.363600769000016],[121.65975151199996,16.363432504],[121.659718945,16.3632371],[121.65982750299997,16.363085118000015],[121.65992520500004,16.362998272000027],[121.66005004700003,16.362971131999984],[121.66014774899998,16.363025411000024],[121.660294303,16.363025411000024],[121.660424573,16.362965703999976],[121.66051684700005,16.36287342999998],[121.66058740999995,16.362716020999983],[121.66066882799998,16.36255318299999],[121.660945652,16.362167801999988],[121.66101621400003,16.362118951000014],[121.66108134900003,16.361945258],[121.66113562800001,16.361880123],[121.66116276800005,16.361776992999978],[121.66111934499997,16.361722714],[121.66102164200004,16.361635867000018],[121.66079366999998,16.361483885999974],[121.66072853499998,16.361424178999982],[121.660614549,16.361424178999982],[121.66050599100004,16.361440463],[121.66040286099997,16.36145131799998],[121.66035401,16.361532737],[121.66027801899997,16.361549020999973],[121.66019659999995,16.36151645299998],[121.66008261399998,16.361418750999974],[121.65995777299997,16.361331904],[121.65984921400002,16.361321049000026],[121.65976236799997,16.361250486000017],[121.65962124199996,16.361060509000026],[121.65962124199996,16.360957379000013],[121.65967009400003,16.360892244000013],[121.65970266099998,16.360837964999973],[121.65978408,16.360837964999973],[121.65996320099998,16.360848821],[121.660098898,16.360854249],[121.66021831199998,16.360821681],[121.66038657700005,16.360778257999982],[121.66097821899996,16.36039287699998],[121.66116276800005,16.360192043999973],[121.66128761000004,16.360159477000025],[121.661580717,16.35987722599998],[121.66185211200002,16.359714387999986],[121.66209093999998,16.359567835],[121.66224292100003,16.359491844],[121.66246546499997,16.359491844],[121.66255774000001,16.359556979],[121.66277485600006,16.35948641599998],[121.66321451600004,16.359404998],[121.66332850200001,16.35939957],[121.66347505600004,16.35921502100001],[121.66365960500002,16.35910646299999],[121.66381158599995,16.359063040000024],[121.66403413,16.35908475100001],[121.66432180899994,16.35914988600001],[121.66457149300004,16.359242161],[121.66466376699998,16.359307295],[121.66478860899997,16.359394141999985],[121.66489716700005,16.359394141999985],[121.66492973499999,16.359437565],[121.66503829299995,16.359638398000016],[121.66515227900004,16.359708959999978],[121.66527712100003,16.359708959999978],[121.66535311099994,16.35968182099998],[121.665450814,16.359600402000012],[121.66550509299998,16.359426709],[121.66550509299998,16.359339863],[121.66547252500004,16.3592693],[121.66561907899995,16.359117319],[121.66578191600001,16.359079323],[121.66587961799996,16.359117319],[121.66595018099997,16.35917159799999],[121.66600988799996,16.359263871999985],[121.66606416699994,16.359404998],[121.66611844600004,16.359643826000024],[121.66625957199994,16.359947788],[121.66628128299999,16.360067201999982],[121.666286711,16.360257178999973],[121.66631927900005,16.360354880999978],[121.666487544,16.360496007],[121.66660152999998,16.360582852999983],[121.66680779,16.360837964999973],[121.66691634799997,16.360903099999973],[121.66695434400003,16.361000801999978],[121.666997767,16.361152784000012],[121.66697062799994,16.361234202],[121.66679693499998,16.361331904],[121.66673722799999,16.36150017],[121.66669923200004,16.361663007],[121.66672094399996,16.361804131999975],[121.66685121399996,16.361907262999978],[121.66701947900003,16.361961542000017],[121.66711718099998,16.361983253],[121.66718231599998,16.362048388],[121.66730715799997,16.362156946000027],[121.66746999500003,16.362254649000022],[121.66756769699998,16.362260075999984],[121.66762740399997,16.362156946000027],[121.66767082700005,16.362037531999988],[121.66767082700005,16.361972396999988],[121.66767082700005,16.361869266999975],[121.66766540000003,16.361744424999983],[121.66776310199998,16.361652150999987],[121.66789337199998,16.361592444],[121.66801821299998,16.361587015999987],[121.668099632,16.361668435000013],[121.66814305499997,16.361749853],[121.66814848299998,16.361852983],[121.66818105100003,16.361934401999974],[121.66823533000002,16.361988681000014],[121.66830046500002,16.361999536999974],[121.66833845999997,16.362059244000022],[121.66837645500004,16.362184086000013],[121.66846872999997,16.36228178800002],[121.66858271599995,16.362363206999987],[121.66882154400002,16.362433769],[121.66896809699995,16.362650885999983],[121.66902237600004,16.362802867000028],[121.66909293900005,16.362824579],[121.669196069,16.362819151],[121.66928291600004,16.362754016],[121.669320911,16.362623746],[121.66928291600004,16.362401202],[121.66928291600004,16.3623035],[121.669326339,16.362238365],[121.669326339,16.362102666999988],[121.669261204,16.361988681000014],[121.669190641,16.36196696899998],[121.66909293900005,16.361842127999978],[121.668930102,16.361744424999983],[121.66891924599997,16.36160872800002],[121.66885411099997,16.361473030000013],[121.66884325499996,16.361331904],[121.66891381799996,16.361272197],[121.66903323199995,16.361261341999978],[121.669130934,16.361245058],[121.669190641,16.361131071999978],[121.66921778100004,16.361087649000012],[121.66930462699997,16.361087649000012],[121.66932769599998,16.361166352999987],[121.66930327,16.361264055999982],[121.66936026300004,16.361337332],[121.66942539800004,16.361296622999987],[121.6695231,16.361280339000018],[121.66972664699995,16.361296622999987],[121.67001161200005,16.361321049000026],[121.670084889,16.361231487999987],[121.67032914499998,16.36102794200002],[121.67048383999997,16.360930239000027],[121.670654819,16.360922098],[121.67081765600005,16.360995374000026],[121.67099677700003,16.361036083999977],[121.67115961399998,16.36102794200002],[121.671371303,16.36089767200002],[121.67149343000006,16.360881388],[121.67176211200001,16.360954665],[121.671981942,16.361060509000026],[121.672266907,16.361288480999974],[121.67248673699999,16.361508311000023],[121.67266585799996,16.361760709],[121.67274727699998,16.36196425600002],[121.672722851,16.362192228000026],[121.67258444000004,16.362363206999987],[121.67244602799997,16.362403916],[121.67218548799997,16.362403916],[121.67196565799998,16.362444625000023],[121.67172954399996,16.362591179],[121.671721402,16.362754016],[121.67176211200001,16.362835433999976],[121.67185981399996,16.362916853],[121.67182724700001,16.363055265000014],[121.67173768600003,16.36319367599998],[121.67174582799998,16.36334023],[121.67171326100004,16.363486782999985],[121.671721402,16.363576344000023],[121.671786537,16.363682187999984],[121.67187609799998,16.363788032],[121.671981942,16.363950869],[121.67210407000005,16.364072997],[121.67220991399995,16.364072997],[121.67230761600001,16.364032287999976],[121.67238089299997,16.364032287999976],[121.67247045399995,16.364097422999976],[121.672527447,16.364162557999975],[121.672592581,16.364211409],[121.67269842600001,16.364276544],[121.67283683699998,16.36410556499999]]]]}},{"type":"Feature","properties":{"kind":"barangay","psgc":"0205704013","name":"Dumabato Sur","area_sqkm":6.02,"valid_on":"2025-02-13","version":"v03","center_lonlat":[121.653502,16.335692]},"geometry":{"type":"MultiPolygon","coordinates":[[[[121.64463277000004,16.348816957999986],[121.64476421300003,16.348707422000018],[121.64477881699997,16.348612491999972],[121.64469849099999,16.348437235],[121.64468388700004,16.348327700000027],[121.64462546799996,16.348130536999975],[121.64469849099999,16.34793337299999],[121.64477881699997,16.34779462900002],[121.64477881699997,16.347568255999988],[121.64477881699997,16.347414905999983],[121.64469849099999,16.346984067999983],[121.64464737499998,16.346494810000024],[121.64459625899997,16.346173507],[121.64428225799998,16.345852203],[121.64409239600002,16.345611226000017],[121.644121606,16.34540676],[121.64423114099998,16.34515848],[121.64440639700001,16.344910200000015],[121.64460356100005,16.344603501999984],[121.64483723599994,16.344201871999985],[121.64494677100004,16.343917080999972],[121.64510012100004,16.343515450999973],[121.64512933000003,16.343296381000016],[121.64516584199998,16.343026194],[121.645289982,16.342668378999974],[121.645319191,16.34206958599998],[121.64541412200003,16.34174098],[121.64558207599998,16.34152921200001],[121.645706216,16.341426979],[121.64602751899997,16.341375863],[121.64608593800006,16.341412375],[121.646151659,16.34152921200001],[121.646151659,16.341667957000027],[121.64615896199996,16.341792097],[121.646385334,16.341974656],[121.64675775399996,16.342201027999977],[121.64710826700002,16.342412797],[121.64742226800001,16.342551540999978],[121.64769245499997,16.342602657999976],[121.648021061,16.342544239],[121.64826934099995,16.342442006],[121.64837887600004,16.342310564],[121.64850301599995,16.342054981],[121.64858334200005,16.341879725000013],[121.64868557499994,16.341762887000016],[121.648751296,16.341638747],[121.64892655200003,16.341310142],[121.64904338999997,16.341259025],[121.649218646,16.34121521100002],[121.64942311200002,16.34114949000002],[121.64986125300004,16.341120280999974],[121.65001460200006,16.341134884999974],[121.65014604500004,16.341193304],[121.650233673,16.341193304],[121.65043083600006,16.340959629],[121.65053306899995,16.34074786100001],[121.650628,16.340411953],[121.65061339500005,16.34010525399998],[121.65051116200004,16.339798555000016],[121.650518465,16.33966711300002],[121.65070102300001,16.339448042000015],[121.65087628000003,16.339345809],[121.651197583,16.33928008800001],[121.65144586300005,16.33927278599998],[121.65175256199996,16.339389623999978],[121.65199353900005,16.339521065999975],[121.652314843,16.339762043],[121.65246819200001,16.33990809],[121.65256312300005,16.339937299999974],[121.65830827900004,16.338912290999986],[121.65849801000002,16.338883993000024],[121.65929426499997,16.338741379999988],[121.66006675100004,16.338622536],[121.66087488999995,16.338479923000023],[121.66158307499995,16.33838121399998],[121.66267301100004,16.338233996999975],[121.66383628000006,16.33800818399999],[121.66528789400002,16.337749657000018],[121.666770272,16.337455515999977],[121.66780057000005,16.337275407],[121.66812709500005,16.33720215],[121.66843974000005,16.33712398900002],[121.66837445800002,16.336780599],[121.668333877,16.336594295999987],[121.66799746100003,16.33485136500002],[121.66741378200004,16.331212916000027],[121.667390425,16.331107122],[121.66714465099994,16.322736080000027],[121.66670426600001,16.32274656499999],[121.66623242599997,16.322683653000013],[121.66603320399997,16.322557829],[121.66539359800004,16.322180356],[121.66493224199996,16.32185530999999],[121.66442894500005,16.321760942000026],[121.65757247399995,16.323761621000017],[121.65534488599997,16.32378567400002],[121.64974107800003,16.323893614999974],[121.63725560900002,16.3241784],[121.63910171099997,16.338347519000024],[121.63882009999998,16.343121124999982],[121.63903917000005,16.343420520999985],[121.63930205500003,16.343785637999986],[121.63950652000005,16.343982802000028],[121.63977670700001,16.344026616],[121.63998117300002,16.344165361000023],[121.64023675600004,16.344318709999982],[121.64039010500005,16.344479362000015],[121.64053615199998,16.344683826999983],[121.64081364100002,16.344954014],[121.64082824599996,16.34507815400002],[121.64093047899996,16.34520229399999],[121.64105461899999,16.345450573999983],[121.64133210800003,16.345815691999974],[121.64138322400004,16.346034761999988],[121.64168992299994,16.346421787],[121.641938203,16.34675039299998],[121.64226680900003,16.347173929],[121.64252471600003,16.34748134199998],[121.64269764799997,16.347699697999985],[121.64304816000003,16.348145140999975],[121.64339867299998,16.348459143000014],[121.64358853399995,16.348619794],[121.643807605,16.348751236999988],[121.64406318700003,16.348780445999978],[121.64431876900005,16.348838865],[121.644435607,16.348868074],[121.64463277000004,16.348816957999986]]]]}},{"type":"Feature","properties":{"kind":"barangay","psgc":"0205704014","name":"Lusod","area_sqkm":3.67,"valid_on":"2025-02-13","version":"v03","center_lonlat":[121.687237,16.329715]},"geometry":{"type":"MultiPolygon","coordinates":[[[[121.68449341500002,16.33843316100001],[121.68539532199998,16.338229722999984],[121.68688719800002,16.33787031700001],[121.68796842999996,16.337617066],[121.68816871000001,16.337571293],[121.688412697,16.33751946199999],[121.68971857400004,16.337226649],[121.690815779,16.337007880999977],[121.69129370300004,16.336933837],[121.697002688,16.336743040999977],[121.69782491700005,16.334506577000013],[121.698712925,16.333355456],[121.69923915200002,16.332697672999984],[121.699173373,16.331743887000016],[121.69881159199997,16.330954546999976],[121.69818669799997,16.328816750999977],[121.69720002300005,16.328126079000015],[121.69627912700003,16.32756696299998],[121.69572001100005,16.327632741],[121.695292452,16.327731409000023],[121.69305598799997,16.326777623],[121.69081952500005,16.325494946],[121.68831994799996,16.32393271],[121.68614926299995,16.32195936],[121.68427458099995,16.32077535000002],[121.683386573,16.320282013],[121.68210389599994,16.319838009000023],[121.68096921999995,16.319542007],[121.67978520999998,16.320084678],[121.67766385799996,16.319887343],[121.67506849200004,16.31964106800001],[121.67614538400005,16.33068339099998],[121.67692348800006,16.33317581199998],[121.67707816500001,16.333805567000013],[121.67735437299996,16.335661685],[121.67790678899996,16.337970784999982],[121.67973329200004,16.337717103999978],[121.67996559599999,16.337616947000015],[121.68010031699998,16.337606047],[121.68014959899995,16.337606189999974],[121.68034580699998,16.337651166],[121.68052450599998,16.337746219],[121.68061955799999,16.337681583],[121.68137086399997,16.33748866000002],[121.68140320199996,16.337480243000016],[121.68223496999997,16.337294133],[121.682931972,16.337157714],[121.68364225899995,16.337013551999974],[121.683724708,16.337510040999973],[121.68380172699995,16.338365348000025],[121.68386275800003,16.338602692],[121.68449341500002,16.33843316100001]]]]}},{"type":"Feature","properties":{"kind":"barangay","psgc":"0205704015","name":"Manglad","area_sqkm":7.13,"valid_on":"2025-02-13","version":"v03","center_lonlat":[121.69385,16.310956]},"geometry":{"type":"MultiPolygon","coordinates":[[[[121.705430192,16.293410025000014],[121.70516549900003,16.29388187],[121.70464761899996,16.294491817],[121.70409521500005,16.295021204000022],[121.70330113299997,16.295631151],[121.70251856000004,16.296102996],[121.701885597,16.296321655999975],[121.70144827700005,16.29634467300002],[121.70125263399996,16.296241097],[121.700688721,16.29635618200001],[121.70025139999996,16.296471266000026],[121.69980257199995,16.296528808],[121.69943430199999,16.296862552999983],[121.69919262500002,16.297115738],[121.69900848999998,16.297507024000026],[121.69900848999998,16.29774870099999],[121.69883586399999,16.298381665000022],[121.69870927099998,16.298611833],[121.69847910299995,16.298611833],[121.698341002,16.298738426],[121.698041783,16.299037645],[121.697615971,16.299336864],[121.69695998999998,16.29972815100001],[121.69606233299999,16.300107928999978],[121.69563652099998,16.300246029999983],[121.69419796800003,16.300878993000026],[121.69333483599996,16.301293296999972],[121.69278243199994,16.301419888999988],[121.69224153599998,16.301362347],[121.69155103000003,16.301362347],[121.691297845,16.301511957],[121.691194269,16.301684583],[121.69112521800002,16.302041343999974],[121.69107918500004,16.302306037999983],[121.69110220100004,16.302651291000018],[121.69107918500004,16.303353304999973],[121.69113672699996,16.303710066],[121.69110220100004,16.30391721799998],[121.69126331899997,16.304273979000016],[121.691493488,16.304607724],[121.69182723200004,16.304906943],[121.692345111,16.30517163600001],[121.69274790600002,16.305355771],[121.69326578599998,16.305493872],[121.693645564,16.305631973],[121.69405986699996,16.305896667000013],[121.69443964499999,16.306310971000016],[121.69458925499998,16.306782816],[121.69452020400001,16.307185611000023],[121.69430154400004,16.307427287999985],[121.69408288399995,16.307392763],[121.69388724099997,16.307254662],[121.69355349600005,16.30702449299997],[121.69323125999995,16.306966951],[121.69297807500004,16.307105052],[121.69285148200004,16.307346729000017],[121.69247170400001,16.307645948000015],[121.69213795999997,16.307691982],[121.69183874099997,16.307634440000015],[121.69170064000002,16.30747332200002],[121.69150499600005,16.307082035],[121.69092957500004,16.306138343999976],[121.69063035600004,16.305862142000024],[121.690446221,16.305758566],[121.69026208599996,16.305839124999977],[121.69022756100003,16.306092310999986],[121.69004342599999,16.30617287000001],[121.68977873200004,16.30617287000001],[121.68937593700002,16.306023260000018],[121.68866241499995,16.30573554900002],[121.68777626600001,16.305309738],[121.68733894599995,16.305045044],[121.68689011699996,16.304676773999972],[121.68656788099997,16.304573198000014],[121.68625715400003,16.304607724],[121.685900393,16.30471129900002],[121.68584285099996,16.304929959],[121.685900393,16.30522917899998],[121.68586586699996,16.30550538099999],[121.68579681699998,16.305885159000013],[121.6857738,16.306230412],[121.68578530800005,16.306725273999973],[121.68581983399997,16.30711656],[121.685910133,16.30767527],[121.68591190100005,16.30832494499998],[121.68600396800002,16.30872774],[121.68621112000005,16.309199585999977],[121.68632164200005,16.309405336],[121.68098787099996,16.310379652999984],[121.68117103999998,16.31146360499997],[121.68121556699998,16.311597188],[121.68134358299994,16.312799429],[121.68146046799995,16.313506302],[121.68163301200002,16.313662148],[121.68174989700003,16.313845824],[121.681788858,16.314101857000026],[121.681671973,16.314279967],[121.681538391,16.314396851000026],[121.681605182,16.314908917000025],[121.68186121500003,16.31744698199998],[121.68096921999995,16.319542007],[121.68210389599994,16.319838009000023],[121.683386573,16.320282013],[121.68427458099995,16.32077535000002],[121.68614926299995,16.32195936],[121.68831994799996,16.32393271],[121.69081952500005,16.325494946],[121.69305598799997,16.326777623],[121.695292452,16.327731409000023],[121.69572001100005,16.327632741],[121.69627912700003,16.32756696299998],[121.69720002300005,16.328126079000015],[121.69818669799997,16.328816750999977],[121.707705594,16.32892162899998],[121.705430192,16.293410025000014]]]]}},{"type":"Feature","properties":{"kind":"barangay","psgc":"0205704016","name":"Pedlisan","area_sqkm":4.72,"valid_on":"2025-02-13","version":"v03","center_lonlat":[121.643822,16.311416]},"geometry":{"type":"MultiPolygon","coordinates":[[[[121.64974107800003,16.323893614999974],[121.65534488599997,16.32378567400002],[121.655319179,16.323642448999976],[121.65524940299997,16.323480862],[121.65518329899999,16.32338170600002],[121.655040074,16.323370689],[121.65494826300005,16.32331560199998],[121.65492990099995,16.323264188],[121.65492990099995,16.32317972200002],[121.65489684900001,16.323117291000017],[121.65484543499997,16.323076894],[121.65475729599996,16.323065875999987],[121.65472057199997,16.322985083],[121.65461774300002,16.322797788],[121.65454796699998,16.322665581000024],[121.65446406800004,16.322630475999972],[121.65441832299996,16.322659481000017],[121.65439167700004,16.322682574],[121.65433305600004,16.322657704],[121.65431706799995,16.322615070999973],[121.65430996299995,16.32257243700002],[121.654365031,16.322512039],[121.65438457200003,16.322451641999976],[121.65433660899998,16.322371703999977],[121.65426732900005,16.322275778],[121.65419609699995,16.322235593000016],[121.65408878899996,16.322235593000016],[121.65401501400004,16.322208766000017],[121.65395800600004,16.32212493100002],[121.65393117899998,16.32206457],[121.653937886,16.321994147999987],[121.65390099900003,16.321927081000013],[121.65391105900005,16.321860013],[121.65407872900005,16.321779531],[121.65416927000001,16.321756057000016],[121.65418603700004,16.321742643999983],[121.65428999200003,16.321608508],[121.65434364700002,16.321467666],[121.65437047399996,16.321343590000026],[121.65436711999996,16.321286582000027],[121.654330233,16.321232927999972],[121.65426987199999,16.321236280999983],[121.65423633800003,16.321273169],[121.65415920999999,16.321283229000016],[121.65413238300005,16.32125975500003],[121.65411896900002,16.321219514],[121.65411226200001,16.32116586],[121.65402507399995,16.321108852],[121.65396806599995,16.32105519800001],[121.65389093800002,16.32095459599998],[121.653833931,16.320840581000027],[121.65379033700003,16.320776866000017],[121.653770216,16.320699737999973],[121.65379704300005,16.32063267],[121.65376686299999,16.32054883500001],[121.65373332900003,16.320491828],[121.65375680299996,16.320448234000025],[121.65372662200002,16.320387873000016],[121.65357907299995,16.32024703000002],[121.65357907299995,16.320179962],[121.65356565900004,16.32007265300001],[121.65363943399996,16.319874803],[121.65368302800005,16.319817796],[121.65376686299999,16.31974066700002],[121.65376350899999,16.31962665200001],[121.65375344899996,16.31955623099998],[121.65375009599995,16.319462336000015],[121.65374674199995,16.319388560999982],[121.653662908,16.31932484700002],[121.65352541799996,16.319304725999984],[121.653377869,16.31931814],[121.65331080099998,16.31932484700002],[121.65326049999999,16.319274545999974],[121.65324373299995,16.319190710999976],[121.65328397400003,16.319063282],[121.65339463600003,16.318925793],[121.65344829000003,16.318838604],[121.65339798900004,16.31880507],[121.65330074099995,16.318694408],[121.65313977799997,16.318509972000015],[121.65308947699998,16.318463023999982],[121.65311295100003,16.31838925],[121.65312636500005,16.31828529400002],[121.65312971799995,16.318191399],[121.65316325200001,16.31804384999998],[121.65319678599997,16.317963368],[121.653320861,16.31783929300002],[121.65330409399996,16.317685037],[121.65327056000001,16.317487186],[121.65319343199997,16.317285982999977],[121.65318337199994,16.317098193],[121.65311630400004,16.316662251000025],[121.65310624400001,16.316518056],[121.653099537,16.316420806999986],[121.65300899600004,16.316253137],[121.65294863500003,16.316243077000024],[121.65279773199995,16.31624978399998],[121.652650183,16.31624978399998],[121.65251269299995,16.316259844],[121.65241879799999,16.316233017],[121.652314843,16.316125708000015],[121.65230142999997,16.316031813],[121.652314843,16.315890970999988],[121.65231148999999,16.315766895000024],[121.65222813800005,16.312857748],[121.65216349399998,16.309885174999977],[121.65214182399995,16.309190108],[121.65207947500005,16.30718834100003],[121.65394249300005,16.305834323],[121.65688305599997,16.303988506],[121.65666759400006,16.303840177999973],[121.656500167,16.303804301000014],[121.65651614800004,16.303599244],[121.65660683700003,16.303417867],[121.65655846899995,16.303302993999978],[121.656491964,16.303206258999978],[121.65650405600002,16.303103478000025],[121.65654637800003,16.30301883499999],[121.65663102099995,16.302928146],[121.65663706700002,16.30283745700001],[121.65680030700003,16.302523069000017],[121.65690308700005,16.302311460999988],[121.65703005199998,16.302196589],[121.657072374,16.30202730299999],[121.65703609800005,16.30194266],[121.65696958800004,16.301841831],[121.65682957499996,16.301771824000014],[121.65660399800004,16.301787381],[121.65645620600003,16.301771824000014],[121.65639397799998,16.30163958999998],[121.65639397799998,16.301468462],[121.65640175700003,16.301281777999975],[121.65628507899999,16.30118065800002],[121.65619951500003,16.30116510099998],[121.65604135599995,16.300976908],[121.65585431600005,16.300895586000024],[121.65573233299995,16.300789867],[121.655569689,16.300781734999987],[121.65548836699998,16.30069228100001],[121.655398913,16.30067601600001],[121.655211872,16.300667884],[121.65512241800002,16.300684149],[121.65500043500003,16.300684149],[121.65472394100004,16.300635355],[121.65451250399997,16.30054590100002],[121.65439052099998,16.300464579],[121.65422787700004,16.300293802999988],[121.654114026,16.300179953],[121.65392698599999,16.300090497999975],[121.65376434200004,16.300106762999974],[121.65362609500005,16.30005797000001],[121.65339839299997,16.29992785500002],[121.65324388099998,16.2998384],[121.65313003100005,16.299797738999985],[121.65305684099997,16.299594435000017],[121.65300804799995,16.299529377],[121.652845404,16.299431791000018],[121.65255264500001,16.299342336999985],[121.65223548899996,16.299277279000023],[121.65204107299996,16.298332215000016],[121.651809888,16.298361727999975],[121.65152459599994,16.298312539999984],[121.65107698199995,16.29823875699998],[121.65088514700005,16.298219082],[121.65066871800002,16.298287945000027],[121.65034899399996,16.29843059199999],[121.650039107,16.298642101999974],[121.64985219200003,16.298769990999972],[121.64909469099996,16.299168416999976],[121.64855361900004,16.299409439999977],[121.64813704300002,16.29955352500002],[121.647524783,16.299611148999986],[121.64632907500004,16.30000011499999],[121.64557275300001,16.30052593800002],[121.64521260000004,16.300799655],[121.64470118300005,16.301080574000025],[121.64444187200002,16.301109386],[121.64406011000005,16.301260651],[121.643505474,16.301411915000017],[121.64289321399997,16.301750459],[121.64246103000005,16.302067394],[121.64174072399999,16.30291015199998],[121.64096999599997,16.30351520900001],[121.64046578199998,16.303932987],[121.64042256300002,16.304098657],[121.64021367500004,16.304408389],[121.63959421100003,16.30463888700001],[121.63902516899998,16.304854979000027],[121.63856417299996,16.304876588000013],[121.63758455699997,16.305179117000023],[121.63605030400004,16.30556808199998],[121.63585763200001,16.30562355400002],[121.63534440399997,16.305769768],[121.634984251,16.305827392000026],[121.63457367599995,16.30583459500002],[121.63725560900002,16.3241784],[121.64974107800003,16.323893614999974]]]]}},{"type":"Feature","properties":{"kind":"barangay","psgc":"0205704017","name":"Poblacion Norte","area_sqkm":1.27,"valid_on":"2025-02-13","version":"v03","center_lonlat":[121.685896,16.343416]},"geometry":{"type":"MultiPolygon","coordinates":[[[[121.67822952400002,16.347151154000017],[121.67838425699995,16.347064503000013],[121.67840901500006,16.347002609000015],[121.678396636,16.34690358],[121.67831617399997,16.346854065],[121.67826047000005,16.346854065],[121.67821714499996,16.346810738999977],[121.678173819,16.346656005],[121.67819857699999,16.346526029000017],[121.67827903800003,16.34643318899998],[121.678371879,16.346377485],[121.67846471899998,16.34628464399998],[121.67850804399995,16.346173236000027],[121.67852661200004,16.345981366],[121.67861945300001,16.345764739],[121.678761808,16.34565333],[121.67882989099996,16.345640952],[121.67892273099994,16.345715224],[121.67897843499998,16.34577711700001],[121.67902176099994,16.345808063999982],[121.67914554799995,16.34575854899998],[121.67924457699996,16.34572141299998],[121.679399311,16.345727603],[121.67959118099998,16.345832821999977],[121.67965307500003,16.34595041900002],[121.679622128,16.34604944900002],[121.67964688500001,16.34612991],[121.67972115700002,16.346173236000027],[121.67970877899995,16.34632797],[121.67974591500001,16.346470324999984],[121.67981399799999,16.346631248],[121.679913027,16.34670552],[121.68034628199996,16.346717899],[121.68066193899995,16.346724087999974],[121.68089713400002,16.346755035],[121.681138519,16.346823117999975],[121.68142322899996,16.346872632999975],[121.68163366700003,16.346922147999976],[121.68171412900006,16.34684787499998],[121.68172031799998,16.346736467000028],[121.681751265,16.346631248],[121.68186267299996,16.34644556699999],[121.68195551400004,16.346315591],[121.68213403000004,16.346182087999978],[121.682339254,16.346123721000026],[121.68240733699997,16.346018502],[121.68250636599998,16.34593185099999],[121.68256826000004,16.345863768000015],[121.68283440200003,16.345727603],[121.682952,16.345690466],[121.683075787,16.345845199999985],[121.68344714800003,16.345913283000016],[121.68357093500003,16.345894714999986],[121.68370710099998,16.34582044299998],[121.68375042599996,16.345733791999976],[121.68394229600005,16.345715224],[121.684103219,16.345554301],[121.68417749100001,16.345548111000028],[121.68437555100002,16.345480028],[121.68472834399995,16.345455271],[121.68498829700002,16.34547383900002],[121.68509970499997,16.34553573300002],[121.68523587100003,16.34559762600003],[121.68531014300004,16.345591437],[121.68537822600001,16.345671897999978],[121.68535965800004,16.345826632000012],[121.68541536199996,16.345907093999983],[121.685495823,16.345925662000013],[121.68560723200005,16.345913283000016],[121.68573101899995,16.345944229999986],[121.68583623799998,16.346043259999988],[121.68596621400002,16.346037070000023],[121.686133327,16.346024691000025],[121.68623854600003,16.34612991],[121.686331386,16.34622894],[121.68988040800002,16.345410765999986],[121.69022152499997,16.345338824],[121.69037421799999,16.345269417999987],[121.69066157400005,16.34517996],[121.69580554699996,16.34458004200002],[121.69595023500005,16.342038195999976],[121.69611629400003,16.34070075],[121.69620727999995,16.339967950000016],[121.68736125400005,16.339498769999977],[121.68584866799995,16.339954826],[121.684959359,16.340167652],[121.684700927,16.34023606],[121.68403952999995,16.34039797600002],[121.68326434999994,16.340578102],[121.68254226199997,16.340790928],[121.68220782000003,16.34088214000002],[121.681448574,16.341063126],[121.68134593100001,16.34105958599997],[121.681275143,16.341020652999987],[121.68121851199999,16.34097817999998],[121.68115205900006,16.340697501000022],[121.67979832399999,16.340897342],[121.67880260200002,16.341094966000014],[121.67748003899999,16.341399003],[121.67711519399995,16.341497815000025],[121.67659833100004,16.341528219],[121.67642350899996,16.341528219],[121.67619124299995,16.341594628],[121.67619872499995,16.341893887000026],[121.676258577,16.342103367999982],[121.676258577,16.342395146],[121.67614635400002,16.342649516],[121.67600420600002,16.343113368],[121.67595931699998,16.343352775000028],[121.67601916900003,16.343539813],[121.67616879900004,16.343913886999985],[121.67630346600004,16.344250553],[121.67632590999995,16.344504922999988],[121.67629604299998,16.344686363],[121.67624274100001,16.344879661],[121.67636033899998,16.345077721],[121.676385096,16.34519531799998],[121.67639747500004,16.345319104999987],[121.67645317899996,16.345461460000024],[121.67650269399996,16.345579058],[121.67650888399999,16.345690466],[121.676434611,16.345764739],[121.67650269399996,16.34585139],[121.676607913,16.345975177000014],[121.67686167700003,16.346123721000026],[121.67708449300005,16.346297022999977],[121.67716495499997,16.34632797],[121.67720827999995,16.34640224200001],[121.67720209100003,16.346507460999987],[121.677344446,16.346742656],[121.67746823300001,16.34689738999998],[121.67771580700003,16.347095449],[121.67788910900003,16.347169722],[121.67808097900001,16.347206858],[121.67822952400002,16.347151154000017]]]]}},{"type":"Feature","properties":{"kind":"barangay","psgc":"0205704019","name":"San Bernabe","area_sqkm":6.92,"valid_on":"2025-02-13","version":"v03","center_lonlat":[121.694905,16.376887]},"geometry":{"type":"MultiPolygon","coordinates":[[[[121.68672819400001,16.393901175],[121.70990730899996,16.37781668399998],[121.70971799300003,16.377666730999977],[121.70960740299995,16.377614247999986],[121.70930749700005,16.377544893999982],[121.709030084,16.377531773999976],[121.70879390899995,16.377477415999977],[121.70863833199996,16.377426807],[121.70855023499996,16.377378072],[121.70843214700005,16.377274979],[121.70836092000002,16.377162515],[121.70788106999998,16.376530838],[121.707517435,16.376006002999986],[121.70742371400002,16.375925403],[121.70728125899996,16.37588229199997],[121.70714067799997,16.37579981800002],[121.70709194300002,16.375743586],[121.70704320899995,16.375662986],[121.70699634899995,16.375483041999985],[121.70697760400003,16.375220625],[121.70701321800004,16.375140025],[121.70707507400004,16.374999444000025],[121.707217529,16.374744524],[121.70730375200003,16.374570204],[121.70730937500002,16.373188762999973],[121.70724564499994,16.372594575],[121.70710506399996,16.372082861000024],[121.70709944099997,16.371934782999972],[121.70702003999997,16.37184919499998],[121.70685220099995,16.371420272000023],[121.70678504600005,16.371204342999988],[121.706939906,16.37111139199999],[121.70705020900004,16.370938059000025],[121.70720253299999,16.370801492999988],[121.70759647199998,16.370523108999976],[121.70789586700005,16.37034452300003],[121.70822152400001,16.37018694699998],[121.70827404900001,16.370076644],[121.70816374599997,16.369892805],[121.70799041199996,16.369771996999987],[121.70783283599997,16.369735229000014],[121.70759647199998,16.36946734999998],[121.70739687599996,16.369304522],[121.70716051299996,16.36895260199998],[121.707044957,16.368789774],[121.70681384600005,16.368658461],[121.70674556300003,16.368490380000026],[121.70658798700003,16.368364319000023],[121.706451421,16.368175227999984],[121.70629909800004,16.367896843999972],[121.70633061299998,16.367760278],[121.70637788600004,16.367560681999976],[121.70605748100002,16.367135227],[121.70583687500005,16.366757044999986],[121.705700309,16.366583710999976],[121.70571606700003,16.366478660999974],[121.705752835,16.36640512500003],[121.70582111700003,16.366342095],[121.70579485500002,16.366110983999988],[121.70574232900003,16.365921893],[121.70558475400003,16.36563825600001],[121.70553222800004,16.365260074],[121.705553238,16.364976437],[121.705595259,16.364766336],[121.70563202599999,16.36460876000001],[121.70574232900003,16.36441966899997],[121.70590515799995,16.36426734600002],[121.70618879400001,16.363978456999973],[121.70628334000003,16.363836638],[121.70641465300002,16.363337648000027],[121.706530209,16.363059264000015],[121.70667202699997,16.36275987],[121.70675081499996,16.362523506],[121.70676657299998,16.362407949999977],[121.70681909799998,16.362339667000015],[121.70692414899997,16.36227663699998],[121.70705020900004,16.361725121],[121.70614587700004,16.361771696],[121.70436986200002,16.361837475000016],[121.70341607600005,16.36150858299999],[121.70256095699995,16.36085079999998],[121.70203473100003,16.360160126999972],[121.70137414299995,16.359937988000013],[121.70116104399995,16.35972489],[121.70079167300003,16.359440758],[121.70030865000001,16.359341312000026],[121.69993927899998,16.35941234500001],[121.69951308099996,16.359554410999976],[121.69914371100003,16.35972489],[121.69885957899999,16.359952195],[121.69863227400003,16.360108466999975],[121.698476002,16.360548871],[121.69851862099995,16.361088720999987],[121.69874592600002,16.36138705899998],[121.698802753,16.361557538],[121.69894481799997,16.361685396999974],[121.69937101599999,16.361784843],[121.69970526999998,16.361727513],[121.69991338700004,16.361716559],[121.700132457,16.361727513],[121.70019817800005,16.361848001999988],[121.70037343499996,16.36194658300002],[121.700559645,16.36194658300002],[121.70076776200005,16.362143747],[121.70072394800002,16.362275189],[121.700702041,16.362373771000023],[121.70065822599997,16.362625702],[121.70059250500003,16.362877632999982],[121.70053773799998,16.363052889000016],[121.700132457,16.363261006000016],[121.69982575899996,16.363512937],[121.69982575899996,16.363852496999982],[121.69950810600005,16.364235870000016],[121.69892756900003,16.36466305800002],[121.69873040599998,16.364838314],[121.69882898799995,16.36526550100001],[121.69886184799998,16.36551743299998],[121.69878517400002,16.365769364000016],[121.69854419599994,16.36582413100001],[121.69825940400005,16.365747457],[121.69818272999998,16.365561247000016],[121.69790889199999,16.365484572000014],[121.69754742500004,16.365670782],[121.69729549399995,16.365802224],[121.696671143,16.366360854],[121.69647397999995,16.366404667999973],[121.69599202500001,16.366809948000025],[121.69554292999999,16.36700711200001],[121.69515955700001,16.366952344000026],[121.69475427600003,16.366733274000012],[121.69420660000003,16.366492296],[121.69356034199996,16.36638276100001],[121.692914084,16.366371807],[121.69190635999996,16.366251319000014],[121.69142440500002,16.366284179],[121.69105198499994,16.366306086],[121.69062479700005,16.36650325],[121.69004426000004,16.36672232],[121.689178932,16.36756574200001],[121.68900367599997,16.36777385900001],[121.68895986099994,16.368047697],[121.68895986099994,16.368277721000027],[121.68897081499995,16.368409163000024],[121.68934323500002,16.368683001000022],[121.68941990999997,16.368902072000026],[121.689310374,16.369132095999987],[121.689036536,16.369449748000022],[121.68883937299995,16.369657865000022],[121.68837932500003,16.369701679],[121.68783164800004,16.369548329999986],[121.68745922799997,16.369384027000024],[121.687360647,16.369241631000023],[121.68703204099995,16.369055420999985],[121.68691155199997,16.368902072000026],[121.68686773800005,16.368759676000025],[121.68687869200005,16.368606327],[121.68705394799997,16.368409163000024],[121.68705394799997,16.368135325000026],[121.68697727300002,16.367971022],[121.68678010999997,16.367927208000026],[121.68640769000001,16.367971022],[121.68603527000005,16.368113418],[121.68578333899995,16.368146278999973],[121.68569821999995,16.368448893],[121.68480165899996,16.370197150000024],[121.68227546599996,16.37540241],[121.67907577300002,16.382590670000013],[121.68211134399996,16.394164105000016],[121.68672819400001,16.393901175]]]]}},{"type":"Feature","properties":{"kind":"barangay","psgc":"0205704021","name":"San Dionisio I","area_sqkm":305.06,"valid_on":"2025-02-13","version":"v03","center_lonlat":[121.880163,16.399967]},"geometry":{"type":"MultiPolygon","coordinates":[[[[122.05880819100003,16.509254778000013],[122.05221958499999,16.501036726],[122.024890346,16.465353099000026],[122.01785299699998,16.457143836],[122.01083724,16.449351175],[121.99003922999998,16.425921895999977],[121.96723491499995,16.400232484000014],[121.961093204,16.391585696],[121.94121068499999,16.365891768999973],[121.93507266300003,16.35748872800002],[121.92814156500003,16.347999956000024],[121.92316237,16.341339032],[121.91766647099996,16.333986888000027],[121.90289792399994,16.314322068000024],[121.89353425499996,16.301854026],[121.87449418200003,16.28290768300002],[121.87378649799996,16.283588149000025],[121.873078814,16.283996428000023],[121.872616097,16.28396921],[121.871799538,16.28418695900001],[121.87120072899995,16.284513581999988],[121.87065635600004,16.284595238],[121.87016642100002,16.285057955000013],[121.86959482999998,16.285711202000016],[121.86894158300004,16.285901732000013],[121.86809780500005,16.285711202000016],[121.867090716,16.285820076],[121.86616528299999,16.286282793],[121.86575700399999,16.286310011000012],[121.86504931900004,16.28609226200001],[121.86464104000004,16.285656764],[121.86423276100004,16.28524848500001],[121.86366117,16.285466234000012],[121.86300792300005,16.28641888599998],[121.862354676,16.286609415999976],[121.86202805200003,16.286473323],[121.86167421000005,16.286146700000018],[121.86140202399997,16.285683983000013],[121.86142924199999,16.285221266],[121.86175586599995,16.284812987],[121.86216414499995,16.284268614999974],[121.86202805200003,16.283860334999986],[121.86175586599995,16.28356093000002],[121.861048182,16.283533712],[121.86053102799997,16.28396921],[121.86031327900002,16.284867424000026],[121.86036771600004,16.285602327],[121.86042215299994,16.28641888599998],[121.86058546499999,16.286881602999983],[121.86039493500004,16.287153789],[121.85957837599994,16.286963258000014],[121.85927897099998,16.286609415999976],[121.85884347299998,16.286065044],[121.858026914,16.285901732000013],[121.85750976099996,16.285847295],[121.857210356,16.285166829],[121.85691095100003,16.284595238],[121.85612161100005,16.284241396000027],[121.85546836399999,16.284513581999988],[121.85489677299995,16.284840206000013],[121.85394412100004,16.28475855],[121.85304590600003,16.284704112999975],[121.85255597100002,16.284812987],[121.85141278900005,16.284704112999975],[121.85048735600003,16.284513581999988],[121.84939861099997,16.28440470800001],[121.84899033099998,16.284676893999972],[121.84795602400004,16.285820076],[121.84711224600005,16.286718291],[121.84686727899998,16.288024785],[121.84694893400001,16.28911353],[121.84678562299996,16.289467372],[121.84539747300005,16.290338368],[121.84468978899997,16.290365586],[121.843954886,16.290229493000027],[121.84319276400004,16.290637773000014],[121.84294779699997,16.291508769000018],[121.84199514500006,16.29221645299998],[121.841314679,16.292924137],[121.84052533900001,16.293767914],[121.83968156200001,16.294747785000027],[121.83951824999997,16.295264939],[121.83949103099997,16.296217591000016],[121.83938215700005,16.296761963],[121.83902831499995,16.297660178],[121.83902831499995,16.298340643000017],[121.83908275199997,16.298885015999986],[121.83930050100003,16.299293294999984],[121.839218845,16.300082635000024],[121.83875612899999,16.30111694300001],[121.83840228600002,16.301770190000013],[121.838347849,16.303376088999983],[121.83840228600002,16.304464833999987],[121.83802122600002,16.305390267],[121.837095793,16.305499140999984],[121.83657863899998,16.305499140999984],[121.83597982900005,16.305226955000023],[121.83508161400005,16.305172518],[121.83388399499995,16.305172518],[121.83358458999999,16.305444704000024],[121.83355737099998,16.30604351400001],[121.833666246,16.306560667999975],[121.833666246,16.307186695999974],[121.833230748,16.307731069],[121.83274081299999,16.308112129],[121.83184259799998,16.30871093899998],[121.831080477,16.309228093],[121.830625456,16.309946535999984],[121.830836654,16.310509732000014],[121.83139985000003,16.31086172900001],[121.83270223900001,16.31072093],[121.83396942800005,16.31054493099998],[121.834482805,16.310752336],[121.83432142499998,16.31114332599998],[121.83409851600004,16.31137759400002],[121.83358223100004,16.311988118999977],[121.833406233,16.313184908999972],[121.83330063400001,16.31466329699998],[121.83252624,16.31526169199998],[121.83150544900002,16.315543289],[121.83055505699997,16.316845678],[121.83024421000005,16.318176397],[121.83013266,16.318429665],[121.82865427299998,16.319098458999974],[121.82768406900004,16.319347758],[121.82738899000003,16.31960238],[121.82611989400004,16.320999243000017],[121.82509008199997,16.32171437],[121.824571419,16.322169718999987],[121.82437174899997,16.322703323999974],[121.82423572000005,16.323140664999983],[121.82389909300002,16.323464609999974],[121.82329834899997,16.32385010500002],[121.82277928999997,16.324016911],[121.82196893900004,16.324350217000017],[121.821386275,16.324630495],[121.82094943899995,16.324954564],[121.82082258000003,16.325435599],[121.82082331599997,16.325951438],[121.82073253700003,16.326178132999985],[121.820961195,16.326807335000012],[121.82118072100002,16.327414456999975],[121.82116317099997,16.327886614000022],[121.82100899,16.328376434],[121.82078168700002,16.328700229],[121.82035385300003,16.328954340999985],[121.81997147200002,16.329138447],[121.81967088700003,16.329182555999978],[121.81943434799996,16.329418928],[121.81938941600004,16.329856139000015],[121.81923529799997,16.330395741000018],[121.81900799200002,16.330719534000025],[121.81858016299998,16.33098238399998],[121.81806119999999,16.331227865000017],[121.81751519800002,16.331683214],[121.81726094600003,16.332286818],[121.81688523900004,16.332985925],[121.81658550700001,16.333642043],[121.81615828300005,16.334342040000024],[121.81554855599995,16.334841354],[121.81508455000005,16.335305334],[121.81450725699995,16.335658911999985],[121.81417982599999,16.336061515999972],[121.81386177299999,16.33665645399998],[121.81360660799999,16.337160348],[121.81337021000002,16.33751037899998],[121.813370588,16.33778141800002],[121.81321612700003,16.338087625000014],[121.812961395,16.338358987],[121.81267027900003,16.33867411],[121.81226576400002,16.338971617000027],[121.811828978,16.339365617],[121.81135571000004,16.339733431000013],[121.81116481200002,16.34004842600001],[121.81129250000004,16.340144439000028],[121.81148390600003,16.340196655],[121.81161176399996,16.340415071],[121.81181270299999,16.340773282999976],[121.81218660900004,16.341026356999976],[121.81271563300004,16.341445349000026],[121.81286176200001,16.341698711],[121.81284429200002,16.342240802],[121.81277229900002,16.342887881000024],[121.81272758,16.343491211000014],[121.81268279899996,16.344050829000025],[121.812567575,16.344351728999982],[121.812221743,16.344640696],[121.81182126800002,16.344947217000026],[121.81148503099996,16.345585890999985],[121.81113992200005,16.346399433999977],[121.81084928500002,16.347073017000014],[121.81048741400002,16.34789693800002],[121.81016916299996,16.348369470000023],[121.80979639700001,16.34895572900001],[121.80975171600005,16.349594032000027],[121.80961718699996,16.350104225],[121.80992947000004,16.351393212],[121.81002456600004,16.351947935],[121.80973928000003,16.352645301],[121.80932719999998,16.35321587300001],[121.808645683,16.353691348999973],[121.80810680900004,16.354531357999974],[121.808217754,16.355086081000024],[121.80851888899997,16.35575174799999],[121.80874077800001,16.356258923999974],[121.80886757200005,16.356924591],[121.80889927099997,16.358398568999974],[121.80913700899998,16.359714054],[121.80925996600001,16.36042560499999],[121.80941805400005,16.360873520999974],[121.80966836100004,16.361479525999982],[121.80990549299997,16.36254661999999],[121.81007016800004,16.363613714999985],[121.81005699399998,16.36427900199999],[121.81000429799997,16.364713744000028],[121.80962883899997,16.365049681000016],[121.80907552999997,16.365398792],[121.80870007099998,16.365655686000025],[121.808278503,16.36584670899998],[121.80779765199998,16.36584670899998],[121.807171886,16.365965275],[121.80650001200001,16.366169472000024],[121.80541315599999,16.366643736000015],[121.80458319399997,16.36713776099998],[121.804161626,16.36757250300002],[121.80399036400001,16.367980897999985],[121.803759819,16.368323422],[121.80358855700001,16.368659359],[121.80358855700001,16.368777925000018],[121.80368077499998,16.369094100999973],[121.80386521100002,16.36950908199998],[121.80401671200002,16.369877955],[121.80411551700001,16.370101912999985],[121.80431971400003,16.370661808000023],[121.804411932,16.371043854],[121.804468832,16.371213376000014],[121.80455684599997,16.371524705000013],[121.80457660699994,16.371755251000025],[121.804339475,16.372097774999986],[121.80410892999998,16.37226245],[121.80393108099997,16.37225586300002],[121.80364125300002,16.372394190000023],[121.80340412099997,16.372618148000015],[121.80317357499996,16.372815758],[121.80279152900005,16.373039716],[121.80218552500003,16.373204391],[121.80152023799997,16.373467871],[121.79999864000001,16.37375111199998],[121.79903693699998,16.373942135999982],[121.79848362899997,16.37419902900001],[121.79819380100002,16.374495444],[121.79804230000002,16.374785272],[121.79795008200006,16.375108034999982],[121.79773271099998,16.375714039],[121.79756803600003,16.37623441300002],[121.79731773000003,16.376655981],[121.79686981299994,16.377189527999974],[121.79646141900002,16.377756009999985],[121.79590811100002,16.378539864],[121.79549312999995,16.37900754100002],[121.79500569100003,16.379435695999973],[121.79470268900002,16.379574022999975],[121.794373339,16.379547675000026],[121.79427453400001,16.37946204399998],[121.79416914199999,16.379264434],[121.79380685700005,16.379060236999976],[121.79352361600002,16.378875801],[121.79320085300003,16.378711125999985],[121.79281880600001,16.378717713000015],[121.79244993400005,16.378895562000025],[121.79214693200004,16.37925126],[121.791863691,16.379837502999976],[121.79140918799999,16.380575248000014],[121.79116546900002,16.381095620999986],[121.79099420600005,16.381648929],[121.79095468399998,16.38220882500002],[121.79095468399998,16.38280165499998],[121.79107325099994,16.383328614999982],[121.79127086100004,16.383934619],[121.79154092800002,16.384487928],[121.79177147300004,16.384646015999976],[121.79212058400003,16.384547210999983],[121.79241041199998,16.38452745],[121.792792458,16.384593320000022],[121.792864915,16.384639429],[121.79343139800005,16.384909495999977],[121.79420207700002,16.385153215],[121.79478831999995,16.385410107999974],[121.79522306299998,16.385785567000028],[121.795559,16.386114916999986],[121.79582247999997,16.386332289],[121.79615841700002,16.386496964],[121.79663926800004,16.386707748],[121.79694227000005,16.386799966000012],[121.79711353200003,16.38690535799998],[121.79724527300004,16.387142489999974],[121.79724527300004,16.387405969999975],[121.79718598900001,16.387636515],[121.79709377100005,16.387781428999972],[121.79694885699996,16.388011974],[121.79685005199997,16.388380847],[121.79671172500002,16.388828763],[121.79647459299997,16.389118591],[121.79609254699994,16.38934913600002],[121.79575661000001,16.38959285499999],[121.79528893300005,16.38986292200002],[121.79468951499996,16.39010664099999],[121.79391883599999,16.390449166],[121.79331283199997,16.390738994],[121.79297689400005,16.390936604],[121.79287808900006,16.391127627],[121.79250262999994,16.391549194999982],[121.79121816500003,16.393498948],[121.79094809699995,16.39397979900002],[121.79077683499997,16.394236692],[121.79071096500002,16.394473824999977],[121.79072413899996,16.39473730499998],[121.79079659599995,16.394954676],[121.790882227,16.39514569900001],[121.79094151000004,16.395435527000018],[121.79097444499996,16.39569900700002],[121.79111936000004,16.395843921],[121.79142236200005,16.395949313000017],[121.79172536399994,16.396133749],[121.79198225699997,16.396239141000024],[121.79222597600005,16.396522382],[121.79235112900005,16.396779276000018],[121.79260143500005,16.39718108300002],[121.79288467599997,16.397642173],[121.79297689400005,16.397971523000024],[121.793069113,16.39843261300001],[121.79316133099996,16.399078139999972],[121.79328648399996,16.399750014],[121.79345115900003,16.400362605],[121.79347750700003,16.40071171699998],[121.79345774599994,16.401093763],[121.79312839600004,16.401726114999974],[121.79293737199998,16.402167443999986],[121.792792458,16.402602186000024],[121.79272000100002,16.40301716800002],[121.79274634900003,16.403306996000026],[121.79283197999996,16.403636345999985],[121.79313498299996,16.404235762999974],[121.79320085300003,16.404538764999984],[121.79317450500002,16.404848355000013],[121.79312180900001,16.40509866100001],[121.79293078499995,16.405414837000023],[121.79279904500004,16.405632207999986],[121.79268706599998,16.40587592700001],[121.79265413099995,16.406139407000012],[121.79260143500005,16.406514866],[121.792463108,16.407437046999974],[121.79241041199998,16.407832267],[121.79246969500002,16.408247248],[121.792640957,16.408556837],[121.792864915,16.408780794999984],[121.79306252499998,16.409050863],[121.79331283199997,16.409294581999973],[121.79364876900001,16.409551475],[121.79395177100002,16.409841303],[121.79426135999995,16.410210174999975],[121.79475538500003,16.41088863599998],[121.79517036699997,16.411606619999986],[121.79544043400006,16.412291668000023],[121.795605109,16.41279228000002],[121.79568415300002,16.413292893],[121.79588835000004,16.413859375000015],[121.79612548199998,16.414471966],[121.79632309199997,16.414761794000015],[121.79679735599996,16.415005512999983],[121.79715305399998,16.41520971099999],[121.79749557900004,16.41538756],[121.79774588500004,16.415578583000013],[121.79800277799995,16.415835475999984],[121.79819380100002,16.416118717000018],[121.79857333999996,16.416483401],[121.79901436600005,16.416634278],[121.79936254300003,16.41686639699998],[121.79978035700003,16.41709851500002],[121.80026780599997,16.417423481000014],[121.80059177500004,16.417749977000028],[121.84484834499995,16.434456705],[121.86442130399996,16.441801641999973],[121.87118596200003,16.444032837],[121.88729434000004,16.449180033],[121.963870541,16.484835325],[122.01773371299998,16.517024527],[122.05880819100003,16.509254778000013]]]]}},{"type":"Feature","properties":{"kind":"barangay","psgc":"0205704023","name":"San Martin","area_sqkm":10.21,"valid_on":"2025-02-13","version":"v03","center_lonlat":[121.769947,16.394634]},"geometry":{"type":"MultiPolygon","coordinates":[[[[121.792640957,16.408556837],[121.79246969500002,16.408247248],[121.79241041199998,16.407832267],[121.792463108,16.407437046999974],[121.79260143500005,16.406514866],[121.79265413099995,16.406139407000012],[121.79268706599998,16.40587592700001],[121.79279904500004,16.405632207999986],[121.79293078499995,16.405414837000023],[121.79312180900001,16.40509866100001],[121.79317450500002,16.404848355000013],[121.79320085300003,16.404538764999984],[121.79313498299996,16.404235762999974],[121.79283197999996,16.403636345999985],[121.79274634900003,16.403306996000026],[121.79272000100002,16.40301716800002],[121.792792458,16.402602186000024],[121.79293737199998,16.402167443999986],[121.79312839600004,16.401726114999974],[121.79345774599994,16.401093763],[121.79347750700003,16.40071171699998],[121.79345115900003,16.400362605],[121.79328648399996,16.399750014],[121.79316133099996,16.399078139999972],[121.793069113,16.39843261300001],[121.79297689400005,16.397971523000024],[121.79288467599997,16.397642173],[121.79260143500005,16.39718108300002],[121.79235112900005,16.396779276000018],[121.79222597600005,16.396522382],[121.79198225699997,16.396239141000024],[121.79172536399994,16.396133749],[121.79142236200005,16.395949313000017],[121.79111936000004,16.395843921],[121.79097444499996,16.39569900700002],[121.79094151000004,16.395435527000018],[121.790882227,16.39514569900001],[121.79079659599995,16.394954676],[121.79072413899996,16.39473730499998],[121.79071096500002,16.394473824999977],[121.79077683499997,16.394236692],[121.79094809699995,16.39397979900002],[121.79121816500003,16.393498948],[121.79250262999994,16.391549194999982],[121.79287808900006,16.391127627],[121.79297689400005,16.390936604],[121.79331283199997,16.390738994],[121.79391883599999,16.390449166],[121.79468951499996,16.39010664099999],[121.79528893300005,16.38986292200002],[121.79575661000001,16.38959285499999],[121.79609254699994,16.38934913600002],[121.79647459299997,16.389118591],[121.79671172500002,16.388828763],[121.79685005199997,16.388380847],[121.79694885699996,16.388011974],[121.79709377100005,16.387781428999972],[121.79718598900001,16.387636515],[121.79724527300004,16.387405969999975],[121.79724527300004,16.387142489999974],[121.79711353200003,16.38690535799998],[121.79694227000005,16.386799966000012],[121.79663926800004,16.386707748],[121.79615841700002,16.386496964],[121.79582247999997,16.386332289],[121.795559,16.386114916999986],[121.79522306299998,16.385785567000028],[121.79478831999995,16.385410107999974],[121.79420207700002,16.385153215],[121.79343139800005,16.384909495999977],[121.792864915,16.384639429],[121.792792458,16.384593320000022],[121.79241041199998,16.38452745],[121.79212058400003,16.384547210999983],[121.79177147300004,16.384646015999976],[121.79154092800002,16.384487928],[121.79127086100004,16.383934619],[121.79107325099994,16.383328614999982],[121.79095468399998,16.38280165499998],[121.79095468399998,16.38220882500002],[121.79099420600005,16.381648929],[121.79116546900002,16.381095620999986],[121.79140918799999,16.380575248000014],[121.77154972799997,16.383035952],[121.77076653100005,16.383132224],[121.74397107799996,16.386405416],[121.74400130699996,16.387819916000012],[121.74354085899995,16.389661709],[121.74428109400003,16.390665215000013],[121.74478682899996,16.391676685999983],[121.74500357299996,16.393169809000028],[121.765611325,16.400343710000016],[121.792864915,16.408780794999984],[121.792640957,16.408556837]]]]}},{"type":"Feature","properties":{"kind":"barangay","psgc":"0205704024","name":"San Pedro","area_sqkm":7.45,"valid_on":"2025-02-13","version":"v03","center_lonlat":[121.707556,16.345439]},"geometry":{"type":"MultiPolygon","coordinates":[[[[121.70614587700004,16.361771696],[121.70705020900004,16.361725121],[121.70775404799997,16.361698859],[121.70857344299998,16.361588556000015],[121.711079251,16.361015244999976],[121.712789488,16.360390350999978],[121.71407216600005,16.36006146],[121.715585067,16.359798346],[121.716209961,16.359897014000012],[121.71732819299996,16.360390350999978],[121.71953931999997,16.342066182999986],[121.713102897,16.331951781999976],[121.707705594,16.32892162899998],[121.69818669799997,16.328816750999977],[121.69881159199997,16.330954546999976],[121.699173373,16.331743887000016],[121.69923915200002,16.332697672999984],[121.698712925,16.333355456],[121.69782491700005,16.334506577000013],[121.697002688,16.336743040999977],[121.69641068299995,16.338190164000025],[121.69620727999995,16.339967950000016],[121.69611629400003,16.34070075],[121.69595023500005,16.342038195999976],[121.69580554699996,16.34458004200002],[121.69578578899996,16.344932443],[121.69595023500005,16.345129778],[121.695983124,16.345787561],[121.69548978700004,16.347366240999975],[121.69522667299998,16.349931595999976],[121.69502933800004,16.350786715000027],[121.69498918800002,16.351707099],[121.694897782,16.35252983999999],[121.695833785,16.353912177999973],[121.69621334800001,16.35453608],[121.69680535299995,16.355160974],[121.69749602599995,16.355687199999977],[121.69844981200004,16.355555644],[121.69920626199996,16.355785868],[121.70012715899998,16.35627920500002],[121.70167294999999,16.35825255499998],[121.70206761999998,16.358943227999987],[121.70206761999998,16.359601011],[121.70203473100003,16.360160126999972],[121.70256095699995,16.36085079999998],[121.70341607600005,16.36150858299999],[121.70436986200002,16.361837475000016],[121.70614587700004,16.361771696]]]]}},{"type":"Feature","properties":{"kind":"barangay","psgc":"0205704025","name":"San Salvador","area_sqkm":6.52,"valid_on":"2025-02-13","version":"v03","center_lonlat":[121.681104,16.406588]},"geometry":{"type":"MultiPolygon","coordinates":[[[[121.69210197400002,16.419254353999975],[121.69209602900003,16.419147333000012],[121.69212575699999,16.419058149000023],[121.69221494099997,16.418844107999973],[121.69235168900002,16.418689523000012],[121.69250032900004,16.41860628500001],[121.69279760799998,16.418433861999972],[121.69301165000002,16.418344678999972],[121.69315434400005,16.418255494999983],[121.69313650699996,16.418053344999976],[121.69307110600005,16.417993889],[121.69286301,16.417934433000028],[121.69263707799996,16.417916596],[121.69246465499998,16.417857140000024],[121.69242303600004,16.417785793],[121.69240520000005,16.417672827],[121.69254789399997,16.41760742500003],[121.69276193500002,16.417571752000015],[121.69296408499997,16.417488514000013],[121.69312461599998,16.417381493],[121.69314245299995,16.41725069],[121.69311867,16.417119887000013],[121.69307110600005,16.41680477099999],[121.69301165000002,16.41660262099998],[121.69299975800004,16.416442089999975],[121.69305326899996,16.416335069000013],[121.69321974499996,16.416198321000024],[121.69346351399997,16.416204266000022],[121.69380241299996,16.416287505000014],[121.69415320300004,16.41644803600002],[121.69433157100002,16.41653721900002],[121.69456344900004,16.416555056],[121.69486072799998,16.416501546],[121.69513422499995,16.416400470999974],[121.69527691899998,16.416329124000015],[121.695259082,16.416156702000023],[121.695253137,16.415954552000017],[121.69533637500001,16.415681054],[121.69546123299995,16.415574033999974],[121.69570500199995,16.415437285],[121.69590120600003,16.415348101],[121.69595471599996,16.41525297200002],[121.69590715200002,16.415128115000016],[121.69580475700002,16.414745965],[121.69564554600004,16.41449193699998],[121.69558014400002,16.41436113399999],[121.69553829300003,16.414157065999973],[121.69541294199996,16.413885117],[121.69529396400003,16.413749143000018],[121.695234475,16.413698152],[121.69510699900002,16.413749143000018],[121.69506450699998,16.413885117],[121.69501351600002,16.414080581],[121.69497102399998,16.414242049999984],[121.694826551,16.414318536],[121.69467357999997,16.414250548999973],[121.69454610399998,16.414199558],[121.694418628,16.41419106],[121.69426565599997,16.414157065999973],[121.69418067200002,16.414123072999985],[121.69407869099996,16.414021091999984],[121.69413817999998,16.413876619],[121.69425715800003,16.413749143000018],[121.694401631,16.413528183999972],[121.69449511300002,16.413247737],[121.69453760500005,16.412975787],[121.69458009799996,16.412763327],[121.69441012899995,16.412525372],[121.69431664700005,16.412414892000015],[121.69427415500002,16.412338407],[121.69426565599997,16.412227927],[121.694418628,16.41215993999998],[121.69461409099995,16.412066458000027],[121.69475006599998,16.411913486],[121.69476706299997,16.41174351799998],[121.69472456999995,16.411505563],[121.694733069,16.411301601],[121.69471278900005,16.411222846999976],[121.694675674,16.411175609],[121.69461493999995,16.411175609],[121.69456095400005,16.411182356999973],[121.694496845,16.411145241999975],[121.69443611099996,16.411077759000023],[121.69440574400005,16.41101702499998],[121.69436187999997,16.410952916999975],[121.69436187999997,16.41090230499998],[121.69440574400005,16.410838196999975],[121.69449009699997,16.41069310900002],[121.69450021900002,16.41059525999998],[121.69449009699997,16.410490661999972],[121.69454408299998,16.41042655299998],[121.69458457200005,16.41038269],[121.694598069,16.41024097600001],[121.69453396100005,16.41013975300001],[121.694469852,16.41003852900002],[121.69437200300001,16.409994665],[121.694318017,16.409944053],[121.69428090099996,16.409886692999976],[121.69432476500003,16.40974160600001],[121.69443948499998,16.409593143999984],[121.694547457,16.409576274000017],[121.69485112799998,16.409579647999976],[121.69498946700003,16.409556028999987],[121.69512443199994,16.40954253199999],[121.69523915299999,16.40954253199999],[121.69535049900003,16.40956615099998],[121.695417981,16.40966400100001],[121.695471967,16.409717987000022],[121.695522579,16.409819211000013],[121.69553607600005,16.409869823],[121.69551868400004,16.41005092],[121.69549896,16.410143127000026],[121.69550908300005,16.41019711299998],[121.69556644299996,16.410237602],[121.69567104099997,16.410217357000022],[121.69579588299996,16.410224105999987],[121.69589710699995,16.410254473],[121.695984834,16.410338825999986],[121.696011827,16.410440049999977],[121.696035446,16.410521029],[121.69609280600002,16.410588511000014],[121.69615016700004,16.41063912300001],[121.696268261,16.410743721000017],[121.69637960700004,16.410743721000017],[121.69644709,16.410736972999985],[121.69653481700004,16.410655994000024],[121.696625918,16.410571641],[121.69664278899995,16.41050415799998],[121.69666640800006,16.410477164999975],[121.69673389000002,16.410477164999975],[121.69682836599998,16.410531150999986],[121.69691946700004,16.41060538200003],[121.69698357599998,16.41060538200003],[121.69707467700005,16.410527777000027],[121.69714890800003,16.410463669000023],[121.69722988700005,16.410433301000012],[121.69721976400001,16.410379315],[121.69715902999997,16.410318581000013],[121.69716915200001,16.410267969000017],[121.69728387299995,16.41012962999997],[121.69732436200002,16.41003852900002],[121.69728049900004,16.409950802000026],[121.69720964199996,16.409903564],[121.69714553400001,16.409890067],[121.69709829600004,16.409940678999988],[121.69706792900001,16.40995755],[121.69701056899999,16.40995755],[121.69697682699996,16.40995755],[121.69692621499996,16.409977794999975],[121.69690597099998,16.41002840599998],[121.69681824300005,16.410079017999976],[121.69673726400003,16.410099263],[121.69669677499996,16.410095889],[121.69660904800003,16.40997104600001],[121.69653819099995,16.409903564],[121.69644034099997,16.409805714000015],[121.69623451999996,16.409653879000018],[121.69614341800002,16.409539157999973],[121.696089432,16.409464926999988],[121.696089432,16.409421064000014],[121.696089432,16.40935695500002],[121.69610292899995,16.409306344000015],[121.69622439700004,16.40918824900001],[121.69634249199999,16.409117392999974],[121.69635261400003,16.409046536],[121.69633574399995,16.40896218300003],[121.69631549899998,16.40887783],[121.69618475100003,16.408731054999976],[121.69613920100005,16.408660199],[121.69605231699995,16.408552226999973],[121.69597133800005,16.40847462200003],[121.69597133800005,16.408397017000027],[121.69598145999998,16.408285670999987],[121.69597808599997,16.408157454],[121.69594097100003,16.408086597000022],[121.69588698500002,16.408052855999983],[121.695856618,16.408022489000018],[121.695782387,16.407965129],[121.69576551600005,16.407928013],[121.69575876800002,16.407880776000013],[121.69576888999995,16.407836912],[121.69585999200001,16.4077863],[121.69599833100006,16.407732313999986],[121.69614679200004,16.407637839000017],[121.69619740400003,16.407593975],[121.696345866,16.407499498999982],[121.69644371599998,16.407324045],[121.69651119800005,16.40722619500002],[121.69640997399995,16.407040618],[121.696369485,16.40691240199999],[121.696295254,16.406915776],[121.69622439700004,16.406892157000016],[121.69610292899995,16.406875286],[121.696062439,16.40683142300003],[121.69603882000001,16.406720076],[121.69603882000001,16.406672839],[121.695957841,16.406450146],[121.69594097100003,16.406359044999988],[121.69598145999998,16.406237577000013],[121.69599833100006,16.406149848999974],[121.696008453,16.405987891],[121.69593759700001,16.405903538000018],[121.69590385499998,16.40586979699998],[121.69586336600003,16.405805687999987],[121.69569002000003,16.405633608000016],[121.695325615,16.405580466],[121.695105453,16.405580466],[121.69492451600001,16.405613362999986],[121.69475749599997,16.405648792000022],[121.69464108900002,16.405623486000025],[121.69454492600005,16.405552629],[121.69449937599995,16.405436222],[121.69449937599995,16.405334998],[121.69449431500004,16.405183162000014],[121.69448925300003,16.405046509999977],[121.69447913099998,16.404904796999972],[121.69443358,16.404849124],[121.69432223399997,16.404773206000016],[121.69413497000005,16.404778266999983],[121.69402362400001,16.404773206000016],[121.69398313500005,16.404697288000023],[121.69397301200001,16.404616309],[121.69391227799997,16.404550514],[121.69385660499995,16.404535329999987],[121.69374525900002,16.404484718],[121.69363897400001,16.404474596],[121.69352762799997,16.404474596],[121.69342640399998,16.404484718],[121.69326950699997,16.404535329999987],[121.69320371200001,16.404550514],[121.69309236499998,16.40448978],[121.69300126400003,16.404413862000013],[121.69295093300002,16.404369436000025],[121.69293293800001,16.404340193],[121.69284521099996,16.404290705999983],[121.69286545600005,16.404241219000028],[121.692905945,16.404205228000023],[121.69291719199998,16.404115252],[121.69291044399995,16.404032023000013],[121.69297567700005,16.40391505399998],[121.69302741399997,16.403744098],[121.693025164,16.403683364000017],[121.69301391700003,16.40363162699998],[121.69300267000006,16.403575392],[121.693090397,16.403525904],[121.69320511700005,16.403478667],[121.693299593,16.403413434000015],[121.69341656300003,16.403393188999985],[121.69347954600005,16.403426930000023],[121.69357852099995,16.403507908999984],[121.69373148099999,16.403606883],[121.69382370699998,16.403683364000017],[121.69392493099997,16.403685613],[121.69402615499996,16.403611382],[121.69404414999997,16.403561895],[121.694086889,16.403496662],[121.69416561900005,16.403397687999984],[121.69423534999999,16.40328521700002],[121.69427584000005,16.403210985999976],[121.69427584000005,16.403114260999985],[121.69426009400001,16.403024284000026],[121.69421735499998,16.402999540999986],[121.69411894300003,16.402938807],[121.69404133800003,16.402898317],[121.69402784199997,16.40287132399999],[121.69395023699997,16.40281059],[121.69392661799998,16.402790345000028],[121.69387600599998,16.402736359000016],[121.69387263199997,16.402645258],[121.69387263199997,16.402601393999987],[121.69391312100004,16.402527163],[121.69406214499998,16.402437186999975],[121.69414087500002,16.402421441],[121.69429158599996,16.402392197999973],[121.694343322,16.402405695000027],[121.69437931300001,16.402439436],[121.69446703999995,16.40243493700001],[121.69454801899997,16.402421441],[121.69461550200003,16.402362956],[121.69462000099998,16.402317967999977],[121.69458625899995,16.402268479999975],[121.69453452300002,16.402216743999986],[121.69446479099997,16.402156009],[121.69440405700004,16.402102023],[121.69435007100003,16.40210427300002],[121.69425784500004,16.402106522],[121.69416336899997,16.402097524999988],[121.694068894,16.402072781000015],[121.69403065300003,16.40203679000001],[121.69401715699996,16.401980555000023],[121.69401715699996,16.40190632399998],[121.69399016399996,16.401854588],[121.69399916199995,16.401771359],[121.69404133800003,16.401654671000017],[121.69408857600001,16.40152982799998],[121.69404133800003,16.401475842000025],[121.694011509,16.401315262000026],[121.69397962899995,16.401176150000026],[121.69392746200003,16.401100798000016],[121.69388688799995,16.401071816000012],[121.69383472100003,16.401071816000012],[121.693733285,16.401066019999973],[121.69368691499994,16.401042835],[121.69353910899997,16.400950094],[121.69346085799998,16.400868945000013],[121.69340869099995,16.40077330600002],[121.69335652500001,16.400660276999986],[121.69333913599996,16.400608111],[121.69329566299996,16.400605212000016],[121.69326378300002,16.400605212000016],[121.69323770000005,16.400619703000018],[121.69321161699997,16.400666074000014],[121.69314495900005,16.400735629999986],[121.693084097,16.400779102],[121.692956578,16.400822574000017],[121.692892819,16.400819676000026],[121.692785587,16.400790695000012],[121.69273921599995,16.400732731],[121.69269864199998,16.40067766599998],[121.69268994799995,16.400663176000023],[121.692678355,16.40063709200001],[121.69265806800001,16.40061390699998],[121.69261749400005,16.400608111],[121.692550836,16.40059362],[121.69248417799997,16.40059362],[121.692443604,16.400524064000024],[121.69243490899999,16.400486388],[121.69243201100005,16.400428424999973],[121.69239143699997,16.40041103599998],[121.692350863,16.40041683200002],[121.69231318699997,16.40043132300002],[121.692214649,16.400379155999985],[121.69216538,16.400321193000025],[121.692121908,16.40027482199997],[121.69208423199996,16.400245840000025],[121.69204945399997,16.40022845200002],[121.69195091699999,16.40022845200002],[121.69189005500004,16.400196572000027],[121.69187556400004,16.400187877],[121.69184658300003,16.40011542299999],[121.691823397,16.399956024],[121.69186397199996,16.399808217999976],[121.691858175,16.399729967999974],[121.691794416,16.399645921],[121.69171858899995,16.399619523000013],[121.69162024399998,16.399603661000015],[121.69153141599998,16.399533868],[121.691521899,16.399498971000014],[121.69160755400003,16.399489453],[121.69162341599997,16.399435521999976],[121.69154093300006,16.399318142000027],[121.69149017400002,16.399267383],[121.691375967,16.39915634800002],[121.69127127599995,16.399080210000022],[121.69119513800001,16.39898503699999],[121.69115072399995,16.39890572600001],[121.69111265499998,16.39882324299998],[121.69106824100004,16.39873441499998],[121.69100479199994,16.39867731099997],[121.69091913600005,16.39862020700002],[121.690842998,16.398582138],[121.69074148000004,16.398582138],[121.69068437600004,16.39853137900002],[121.690662169,16.39846792999998],[121.69068754900002,16.398398137000015],[121.69075734199998,16.398328343],[121.69082396299996,16.398274411999978],[121.69079858400005,16.398236343],[121.69076686000005,16.398191929],[121.69067803200005,16.398084066000024],[121.69058920400005,16.398084066000024],[121.69051940999998,16.39799523800002],[121.69056699600003,16.397953996000012],[121.69057651399999,16.397887374999982],[121.69061141099996,16.397814408999977],[121.69055430699996,16.39776365],[121.690455961,16.39776365],[121.69037665099995,16.397709718999977],[121.690275133,16.397620890999974],[121.69022120099999,16.397503511000025],[121.69020216700005,16.397427373000028],[121.690189477,16.397354407000023],[121.690129201,16.397329027000012],[121.69009113200002,16.397271923],[121.6900372,16.397237027000017],[121.69001182099998,16.397214819999988],[121.68998009699999,16.397214819999988],[121.68995471699998,16.397230681999986],[121.68992933799996,16.397249715999976],[121.689830992,16.397252889000015],[121.68973264700003,16.397205301999975],[121.68967554300002,16.397186267999984],[121.68961843900001,16.397167233],[121.68959306,16.397195785],[121.68954547299995,16.39723385399998],[121.68950740399998,16.397252889000015],[121.68944712799998,16.397252889000015],[121.689355127,16.397252889000015],[121.68930436899996,16.397183095],[121.68928216100005,16.397164061000012],[121.68926947199998,16.397100611999974],[121.68917112600002,16.397084749999976],[121.68909498799997,16.397084749999976],[121.68898077999995,16.397097439999982],[121.68890464200001,16.397100611999974],[121.68873333099998,16.39717357799998],[121.688698434,16.397183095],[121.68856519200006,16.39717992300001],[121.68848270900003,16.397132336000027],[121.688403398,16.39707523300001],[121.68834946599998,16.397027646000026],[121.68672819400001,16.393901175],[121.68211134399996,16.394164105000016],[121.66419462500005,16.397676445],[121.662988036,16.39816946000002],[121.663424868,16.398465064999982],[121.663329159,16.40408710600002],[121.670396256,16.410104236],[121.67459863800002,16.414297633],[121.68189296000003,16.415531628],[121.68416588100001,16.415938875999984],[121.68783406900002,16.419112505999976],[121.68787898000005,16.419062311],[121.68786952300002,16.41892930900002],[121.687738814,16.418740894999985],[121.68743567000001,16.418460773999982],[121.68714403700005,16.418230537],[121.68697519700004,16.418084721000014],[121.68690996299995,16.417923555000016],[121.68691379999996,16.417846810000015],[121.68697136000003,16.41776239],[121.687028919,16.417724017000012],[121.68714403700005,16.417700992999983],[121.687186247,16.417643434000013],[121.68708647799997,16.41757052600002],[121.68704810500003,16.417509129999985],[121.68707112899995,16.417474594],[121.68714020000004,16.417443896],[121.68721694500005,16.417447733000017],[121.68728217900002,16.417447733000017],[121.68737427300005,16.41750145499998],[121.687427995,16.41756668900001],[121.687508578,16.41770483099998],[121.68753543900004,16.41772785400002],[121.687589161,16.417800763],[121.68755462499996,16.41788518300001],[121.68756229999997,16.417935066999974],[121.68760067300002,16.418027161999987],[121.687654394,16.418027161999987],[121.687738814,16.418007975000023],[121.68778869899995,16.418065534],[121.687819397,16.418092394999974],[121.687819397,16.418123094],[121.68785777000005,16.41818065299998],[121.68805347099999,16.418376353999975],[121.68816091500003,16.418472286],[121.68820696199998,16.418549031],[121.68819161299996,16.418679498000017],[121.68822614800001,16.418710197],[121.688299056,16.418775429999982],[121.68836428999998,16.418825315],[121.68843719799997,16.418852175999973],[121.68847940800003,16.418875199000013],[121.68853313,16.418821477],[121.68859452699996,16.418737056999987],[121.68863673700002,16.418667987],[121.68865208600005,16.418560543000012],[121.68863289900003,16.418441587000018],[121.68857150300005,16.418330305999973],[121.68849475699994,16.418088558000022],[121.68846405900001,16.41796576500002],[121.688375802,16.417831461],[121.68833359200005,16.41772785400002],[121.68832975500004,16.417612736000024],[121.68842568699995,16.417535991000022],[121.68851394399996,16.417505291999987],[121.68860987599999,16.417539827999974],[121.68865975999995,16.417601224],[121.68867510899997,16.41765110900002],[121.68867510899997,16.417750878],[121.68870197000001,16.41786599599999],[121.68884011199998,16.417984951999983],[121.68889767099995,16.41801181300002],[121.68900511499999,16.41801181300002],[121.68913174500005,16.418000301],[121.68920849000006,16.417977276999977],[121.68940035399999,16.417881345000012],[121.68945023900005,16.417793088],[121.68945023900005,16.41764727200001],[121.68954617099996,16.417443896],[121.68964114300002,16.41740936100001],[121.68976777299997,16.41748994300002],[121.689951962,16.417587793999985],[121.69002678899994,16.417691400000024],[121.69013615200004,16.41770866799999],[121.69025702600004,16.417760471],[121.690383656,16.417771983000023],[121.69057935700005,16.417760471],[121.69072901000004,16.41778349499998],[121.69089017600004,16.417892857000027],[121.69098227100005,16.417921637],[121.69095924700002,16.417990708],[121.69083837300002,16.418036755],[121.69068296299997,16.418117338],[121.69056784500003,16.418209432000026],[121.69047575000002,16.418324550000023],[121.69047575000002,16.418382109999982],[121.69055057699995,16.418445425000016],[121.69063115999995,16.41849722799998],[121.69067720700002,16.418612345999975],[121.69071174299995,16.418675661],[121.69082110500005,16.41872170800002],[121.69095349099996,16.41872170800002],[121.69098227100005,16.418825315],[121.69102256199994,16.41894043299999],[121.69117221600004,16.418997992000016],[121.69139669599997,16.419061307],[121.69154634999995,16.419205205000026],[121.69181064099996,16.419301917999974],[121.692036573,16.419319755],[121.69210197400002,16.419254353999975]]]]}},{"type":"Feature","properties":{"kind":"barangay","psgc":"0205704026","name":"Santo Niño","area_sqkm":16.29,"valid_on":"2025-02-13","version":"v03","center_lonlat":[121.688675,16.286956]},"geometry":{"type":"MultiPolygon","coordinates":[[[[121.68096921999995,16.319542007],[121.68186121500003,16.31744698199998],[121.681605182,16.314908917000025],[121.681538391,16.314396851000026],[121.681671973,16.314279967],[121.681788858,16.314101857000026],[121.68174989700003,16.313845824],[121.68163301200002,16.313662148],[121.68146046799995,16.313506302],[121.68134358299994,16.312799429],[121.68121556699998,16.311597188],[121.68117103999998,16.31146360499997],[121.68098787099996,16.310379652999984],[121.68632164200005,16.309405336],[121.68621112000005,16.309199585999977],[121.68600396800002,16.30872774],[121.68591190100005,16.30832494499998],[121.685910133,16.30767527],[121.68581983399997,16.30711656],[121.68578530800005,16.306725273999973],[121.6857738,16.306230412],[121.68579681699998,16.305885159000013],[121.68586586699996,16.30550538099999],[121.685900393,16.30522917899998],[121.68584285099996,16.304929959],[121.685900393,16.30471129900002],[121.68625715400003,16.304607724],[121.68656788099997,16.304573198000014],[121.68689011699996,16.304676773999972],[121.68733894599995,16.305045044],[121.68777626600001,16.305309738],[121.68866241499995,16.30573554900002],[121.68937593700002,16.306023260000018],[121.68977873200004,16.30617287000001],[121.69004342599999,16.30617287000001],[121.69022756100003,16.306092310999986],[121.69026208599996,16.305839124999977],[121.690446221,16.305758566],[121.69063035600004,16.305862142000024],[121.69092957500004,16.306138343999976],[121.69150499600005,16.307082035],[121.69170064000002,16.30747332200002],[121.69183874099997,16.307634440000015],[121.69213795999997,16.307691982],[121.69247170400001,16.307645948000015],[121.69285148200004,16.307346729000017],[121.69297807500004,16.307105052],[121.69323125999995,16.306966951],[121.69355349600005,16.30702449299997],[121.69388724099997,16.307254662],[121.69408288399995,16.307392763],[121.69430154400004,16.307427287999985],[121.69452020400001,16.307185611000023],[121.69458925499998,16.306782816],[121.69443964499999,16.306310971000016],[121.69405986699996,16.305896667000013],[121.693645564,16.305631973],[121.69326578599998,16.305493872],[121.69274790600002,16.305355771],[121.692345111,16.30517163600001],[121.69182723200004,16.304906943],[121.691493488,16.304607724],[121.69126331899997,16.304273979000016],[121.69110220100004,16.30391721799998],[121.69113672699996,16.303710066],[121.69107918500004,16.303353304999973],[121.69110220100004,16.302651291000018],[121.69107918500004,16.302306037999983],[121.69112521800002,16.302041343999974],[121.691194269,16.301684583],[121.691297845,16.301511957],[121.69155103000003,16.301362347],[121.69224153599998,16.301362347],[121.69278243199994,16.301419888999988],[121.69333483599996,16.301293296999972],[121.69419796800003,16.300878993000026],[121.69563652099998,16.300246029999983],[121.69606233299999,16.300107928999978],[121.69695998999998,16.29972815100001],[121.697615971,16.299336864],[121.698041783,16.299037645],[121.698341002,16.298738426],[121.69847910299995,16.298611833],[121.69870927099998,16.298611833],[121.69883586399999,16.298381665000022],[121.69900848999998,16.29774870099999],[121.69900848999998,16.297507024000026],[121.69919262500002,16.297115738],[121.69943430199999,16.296862552999983],[121.69980257199995,16.296528808],[121.70025139999996,16.296471266000026],[121.700688721,16.29635618200001],[121.70125263399996,16.296241097],[121.70144827700005,16.29634467300002],[121.701885597,16.296321655999975],[121.70015493400001,16.281217196],[121.697210949,16.255094758999974],[121.69172961499999,16.261329612999987],[121.68510396600004,16.26522137799998],[121.66812241800005,16.270372869000028],[121.66830604400002,16.271541609999986],[121.66859397600001,16.272549018],[121.66823868999995,16.273719018],[121.66825574200004,16.274450227999978],[121.66817124700003,16.275278948999983],[121.66863578200002,16.276078972999983],[121.670169493,16.278606337999975],[121.670905135,16.281061681999972],[121.672039811,16.28352836900001],[121.673125153,16.284268376],[121.67504916999997,16.28490971399998],[121.676430515,16.285945723],[121.67667718300004,16.287919073000012],[121.676671436,16.28814472900001],[121.67662785000005,16.289497752999978],[121.676035845,16.29250711200001],[121.67401316099995,16.294776464],[121.672039811,16.297144484],[121.66927712100005,16.300203177000014],[121.66740243799995,16.301535188],[121.66587309199997,16.302916532999973],[121.66449174700006,16.304445879000014],[121.66370240699996,16.306665898],[121.66330633999996,16.307814872999984],[121.66296240099996,16.308787248999977],[121.66306106900004,16.310267262000025],[121.66419574500003,16.311155268999983],[121.66587309199997,16.312487280000028],[121.66779710799995,16.31510196900001],[121.66888245099994,16.315940642999976],[121.670905135,16.317864659],[121.67302648600003,16.319295338000018],[121.67401316099995,16.319542007],[121.67506849200004,16.31964106800001],[121.67766385799996,16.319887343],[121.67978520999998,16.320084678],[121.68096921999995,16.319542007]]]]}},{"type":"Feature","properties":{"kind":"barangay","psgc":"0205704027","name":"Santo Tomas","area_sqkm":7.59,"valid_on":"2025-02-13","version":"v03","center_lonlat":[121.705255,16.428381]},"geometry":{"type":"MultiPolygon","coordinates":[[[[121.70720040900005,16.43999083099999],[121.71641132900004,16.43001037800002],[121.71825645499996,16.426748909000025],[121.72461886600001,16.415500345],[121.70894908000002,16.413027329999977],[121.696585497,16.414719701000024],[121.69580475700002,16.414745965],[121.69590715200002,16.415128115000016],[121.69595471599996,16.41525297200002],[121.69590120600003,16.415348101],[121.69570500199995,16.415437285],[121.69546123299995,16.415574033999974],[121.69533637500001,16.415681054],[121.695253137,16.415954552000017],[121.695259082,16.416156702000023],[121.69527691899998,16.416329124000015],[121.69513422499995,16.416400470999974],[121.69486072799998,16.416501546],[121.69456344900004,16.416555056],[121.69433157100002,16.41653721900002],[121.69415320300004,16.41644803600002],[121.69380241299996,16.416287505000014],[121.69346351399997,16.416204266000022],[121.69321974499996,16.416198321000024],[121.69305326899996,16.416335069000013],[121.69299975800004,16.416442089999975],[121.69301165000002,16.41660262099998],[121.69307110600005,16.41680477099999],[121.69311867,16.417119887000013],[121.69314245299995,16.41725069],[121.69312461599998,16.417381493],[121.69296408499997,16.417488514000013],[121.69276193500002,16.417571752000015],[121.69254789399997,16.41760742500003],[121.69240520000005,16.417672827],[121.69242303600004,16.417785793],[121.69246465499998,16.417857140000024],[121.69263707799996,16.417916596],[121.69286301,16.417934433000028],[121.69307110600005,16.417993889],[121.69313650699996,16.418053344999976],[121.69315434400005,16.418255494999983],[121.69301165000002,16.418344678999972],[121.69279760799998,16.418433861999972],[121.69250032900004,16.41860628500001],[121.69235168900002,16.418689523000012],[121.69221494099997,16.418844107999973],[121.69212575699999,16.419058149000023],[121.69209602900003,16.419147333000012],[121.69210197400002,16.419254353999975],[121.692036573,16.419319755],[121.69181064099996,16.419301917999974],[121.69154634999995,16.419205205000026],[121.69139669599997,16.419061307],[121.69117221600004,16.418997992000016],[121.69102256199994,16.41894043299999],[121.69098227100005,16.418825315],[121.69095349099996,16.41872170800002],[121.69082110500005,16.41872170800002],[121.69071174299995,16.418675661],[121.69067720700002,16.418612345999975],[121.69063115999995,16.41849722799998],[121.69055057699995,16.418445425000016],[121.69047575000002,16.418382109999982],[121.69047575000002,16.418324550000023],[121.69056784500003,16.418209432000026],[121.69068296299997,16.418117338],[121.69083837300002,16.418036755],[121.69095924700002,16.417990708],[121.69098227100005,16.417921637],[121.69089017600004,16.417892857000027],[121.69072901000004,16.41778349499998],[121.69057935700005,16.417760471],[121.690383656,16.417771983000023],[121.69025702600004,16.417760471],[121.69013615200004,16.41770866799999],[121.69002678899994,16.417691400000024],[121.689951962,16.417587793999985],[121.68976777299997,16.41748994300002],[121.68964114300002,16.41740936100001],[121.68954617099996,16.417443896],[121.68945023900005,16.41764727200001],[121.68945023900005,16.417793088],[121.68940035399999,16.417881345000012],[121.68920849000006,16.417977276999977],[121.68913174500005,16.418000301],[121.68900511499999,16.41801181300002],[121.68889767099995,16.41801181300002],[121.68884011199998,16.417984951999983],[121.68870197000001,16.41786599599999],[121.68867510899997,16.417750878],[121.68867510899997,16.41765110900002],[121.68865975999995,16.417601224],[121.68860987599999,16.417539827999974],[121.68851394399996,16.417505291999987],[121.68842568699995,16.417535991000022],[121.68832975500004,16.417612736000024],[121.68833359200005,16.41772785400002],[121.688375802,16.417831461],[121.68846405900001,16.41796576500002],[121.68849475699994,16.418088558000022],[121.68857150300005,16.418330305999973],[121.68863289900003,16.418441587000018],[121.68865208600005,16.418560543000012],[121.68863673700002,16.418667987],[121.68859452699996,16.418737056999987],[121.68853313,16.418821477],[121.68847940800003,16.418875199000013],[121.68843719799997,16.418852175999973],[121.68836428999998,16.418825315],[121.688299056,16.418775429999982],[121.68822614800001,16.418710197],[121.68819161299996,16.418679498000017],[121.68820696199998,16.418549031],[121.68816091500003,16.418472286],[121.68805347099999,16.418376353999975],[121.68785777000005,16.41818065299998],[121.687819397,16.418123094],[121.687819397,16.418092394999974],[121.68778869899995,16.418065534],[121.687738814,16.418007975000023],[121.687654394,16.418027161999987],[121.68760067300002,16.418027161999987],[121.68756229999997,16.417935066999974],[121.68755462499996,16.41788518300001],[121.687589161,16.417800763],[121.68753543900004,16.41772785400002],[121.687508578,16.41770483099998],[121.687427995,16.41756668900001],[121.68737427300005,16.41750145499998],[121.68728217900002,16.417447733000017],[121.68721694500005,16.417447733000017],[121.68714020000004,16.417443896],[121.68707112899995,16.417474594],[121.68704810500003,16.417509129999985],[121.68708647799997,16.41757052600002],[121.687186247,16.417643434000013],[121.68714403700005,16.417700992999983],[121.687028919,16.417724017000012],[121.68697136000003,16.41776239],[121.68691379999996,16.417846810000015],[121.68690996299995,16.417923555000016],[121.68697519700004,16.418084721000014],[121.68714403700005,16.418230537],[121.68743567000001,16.418460773999982],[121.687738814,16.418740894999985],[121.68786952300002,16.41892930900002],[121.68787898000005,16.419062311],[121.68783406900002,16.419112505999976],[121.68779858200003,16.419275813000013],[121.687988904,16.419453009999984],[121.68819891600003,16.41964989600001],[121.68837611200001,16.419695836000017],[121.68848768099997,16.41982052999998],[121.68855330899999,16.420096170000022],[121.68846142999996,16.420148671999982],[121.68833017300005,16.420253678],[121.688015156,16.420279929],[121.687654199,16.420365246000017],[121.68741137400002,16.420384935000016],[121.68713573399998,16.420338995],[121.68707010499998,16.42050306599998],[121.68703072799997,16.420765580000023],[121.686984101,16.420918858],[121.68706535800004,16.421162628],[121.68725689200005,16.421325142],[121.68766317500001,16.42135996600001],[121.68783729699999,16.421429615000022],[121.68790114199999,16.421539892],[121.68810428300003,16.421679188999974],[121.68822616800003,16.421806877999984],[121.68824358100005,16.421969391],[121.68817393200004,16.422201554000026],[121.68800561399996,16.422277006],[121.687843101,16.422259594000025],[121.68766317500001,16.422178337],[121.68737297300004,16.422178337],[121.687169831,16.422317635000013],[121.686926061,16.422503364000022],[121.68682158800004,16.42268909400002],[121.68686802000002,16.42287482400002],[121.68703053399997,16.423048945],[121.68731493200005,16.423089574000016],[121.687657371,16.423072161999983],[121.68788953299998,16.423043141],[121.68855406,16.422888305000015],[121.68869629699998,16.422857411999985],[121.68950306,16.42275293900002],[121.689752634,16.42284580400002],[121.689880324,16.422990905],[121.68994997200002,16.423205655],[121.68997318799995,16.42338558],[121.68971200600004,16.423849905],[121.68970039800001,16.424018221999972],[121.68983389100003,16.424291013000015],[121.68987451999999,16.42454639099998],[121.68979326299996,16.424772749],[121.68979326299996,16.424964283],[121.68989193200002,16.425109384],[121.69007766100003,16.42525448599997],[121.69026339100003,16.425312526000027],[121.69041429699996,16.425231269],[121.69047233699996,16.424912045999974],[121.69051296500004,16.424528979],[121.69058261400005,16.42443031],[121.69084960099997,16.42439548599998],[121.69112239100002,16.424465134],[121.69131972900004,16.424587019],[121.691418398,16.424732120999977],[121.691482242,16.424883025999975],[121.70186945199998,16.44534454],[121.70720040900005,16.43999083099999]]]]}},{"type":"Feature","properties":{"kind":"barangay","psgc":"0205704028","name":"Villa Gracia","area_sqkm":115.34,"valid_on":"2025-02-13","version":"v03","center_lonlat":[121.808187,16.277117]},"geometry":{"type":"MultiPolygon","coordinates":[[[[121.81688523900004,16.332985925],[121.81726094600003,16.332286818],[121.81751519800002,16.331683214],[121.81806119999999,16.331227865000017],[121.81858016299998,16.33098238399998],[121.81900799200002,16.330719534000025],[121.81923529799997,16.330395741000018],[121.81938941600004,16.329856139000015],[121.81943434799996,16.329418928],[121.81967088700003,16.329182555999978],[121.81997147200002,16.329138447],[121.82035385300003,16.328954340999985],[121.82078168700002,16.328700229],[121.82100899,16.328376434],[121.82116317099997,16.327886614000022],[121.82118072100002,16.327414456999975],[121.820961195,16.326807335000012],[121.82073253700003,16.326178132999985],[121.82082331599997,16.325951438],[121.82082258000003,16.325435599],[121.82094943899995,16.324954564],[121.821386275,16.324630495],[121.82196893900004,16.324350217000017],[121.82277928999997,16.324016911],[121.82329834899997,16.32385010500002],[121.82389909300002,16.323464609999974],[121.82423572000005,16.323140664999983],[121.82437174899997,16.322703323999974],[121.824571419,16.322169718999987],[121.82509008199997,16.32171437],[121.82611989400004,16.320999243000017],[121.82738899000003,16.31960238],[121.82768406900004,16.319347758],[121.82865427299998,16.319098458999974],[121.83013266,16.318429665],[121.83024421000005,16.318176397],[121.83055505699997,16.316845678],[121.83150544900002,16.315543289],[121.83252624,16.31526169199998],[121.83330063400001,16.31466329699998],[121.833406233,16.313184908999972],[121.83358223100004,16.311988118999977],[121.83409851600004,16.31137759400002],[121.83432142499998,16.31114332599998],[121.834482805,16.310752336],[121.83396942800005,16.31054493099998],[121.83270223900001,16.31072093],[121.83139985000003,16.31086172900001],[121.830836654,16.310509732000014],[121.830625456,16.309946535999984],[121.831080477,16.309228093],[121.83184259799998,16.30871093899998],[121.83274081299999,16.308112129],[121.833230748,16.307731069],[121.833666246,16.307186695999974],[121.833666246,16.306560667999975],[121.83355737099998,16.30604351400001],[121.83358458999999,16.305444704000024],[121.83388399499995,16.305172518],[121.83508161400005,16.305172518],[121.83597982900005,16.305226955000023],[121.83657863899998,16.305499140999984],[121.837095793,16.305499140999984],[121.83802122600002,16.305390267],[121.83840228600002,16.304464833999987],[121.838347849,16.303376088999983],[121.83840228600002,16.301770190000013],[121.83875612899999,16.30111694300001],[121.839218845,16.300082635000024],[121.83930050100003,16.299293294999984],[121.83908275199997,16.298885015999986],[121.83902831499995,16.298340643000017],[121.83902831499995,16.297660178],[121.83938215700005,16.296761963],[121.83949103099997,16.296217591000016],[121.83951824999997,16.295264939],[121.83968156200001,16.294747785000027],[121.84052533900001,16.293767914],[121.841314679,16.292924137],[121.84199514500006,16.29221645299998],[121.84294779699997,16.291508769000018],[121.84319276400004,16.290637773000014],[121.843954886,16.290229493000027],[121.84468978899997,16.290365586],[121.84539747300005,16.290338368],[121.84678562299996,16.289467372],[121.84694893400001,16.28911353],[121.84686727899998,16.288024785],[121.84711224600005,16.286718291],[121.84795602400004,16.285820076],[121.84899033099998,16.284676893999972],[121.84939861099997,16.28440470800001],[121.85048735600003,16.284513581999988],[121.85141278900005,16.284704112999975],[121.85255597100002,16.284812987],[121.85304590600003,16.284704112999975],[121.85394412100004,16.28475855],[121.85489677299995,16.284840206000013],[121.85546836399999,16.284513581999988],[121.85612161100005,16.284241396000027],[121.85691095100003,16.284595238],[121.857210356,16.285166829],[121.85750976099996,16.285847295],[121.858026914,16.285901732000013],[121.85884347299998,16.286065044],[121.85927897099998,16.286609415999976],[121.85957837599994,16.286963258000014],[121.86039493500004,16.287153789],[121.86058546499999,16.286881602999983],[121.86042215299994,16.28641888599998],[121.86036771600004,16.285602327],[121.86031327900002,16.284867424000026],[121.86053102799997,16.28396921],[121.861048182,16.283533712],[121.86175586599995,16.28356093000002],[121.86202805200003,16.283860334999986],[121.86216414499995,16.284268614999974],[121.86175586599995,16.284812987],[121.86142924199999,16.285221266],[121.86140202399997,16.285683983000013],[121.86167421000005,16.286146700000018],[121.86202805200003,16.286473323],[121.862354676,16.286609415999976],[121.86300792300005,16.28641888599998],[121.86366117,16.285466234000012],[121.86423276100004,16.28524848500001],[121.86464104000004,16.285656764],[121.86504931900004,16.28609226200001],[121.86575700399999,16.286310011000012],[121.86616528299999,16.286282793],[121.867090716,16.285820076],[121.86809780500005,16.285711202000016],[121.86894158300004,16.285901732000013],[121.86959482999998,16.285711202000016],[121.87016642100002,16.285057955000013],[121.87065635600004,16.284595238],[121.87120072899995,16.284513581999988],[121.871799538,16.28418695900001],[121.872616097,16.28396921],[121.873078814,16.283996428000023],[121.87378649799996,16.283588149000025],[121.87449418200003,16.28290768300002],[121.862826058,16.271396106999987],[121.84589590899998,16.249155589],[121.83937287100002,16.243122004999975],[121.82766355900003,16.233135635],[121.81960476300003,16.226225178],[121.78944418699996,16.233628982000027],[121.74343065799997,16.24461400299998],[121.743488029,16.245132281],[121.74850040299998,16.283843569],[121.75033758899997,16.291273966],[121.73952176399996,16.309864155000014],[121.73945089899996,16.311881675999985],[121.73848903800001,16.312478694],[121.73852220599997,16.313142046],[121.73858854100001,16.313606392999986],[121.73898655200003,16.31450192],[121.73915239099995,16.315065769],[121.73838953500001,16.316127134],[121.73709599699998,16.316757318999976],[121.7360678,16.316989492],[121.73507277099998,16.31692315700002],[121.73328171900005,16.317122163000022],[121.730694643,16.317752348],[121.72903626100003,16.317785516000015],[121.72707937099995,16.318084023999972],[121.726117509,16.31854837100002],[121.72558682700003,16.318813712],[121.72545415699994,16.319609736000018],[121.72561999499999,16.32020675299998],[121.72512247999998,16.321301285],[121.72489030700001,16.322097308000025],[121.72429326899999,16.32313478200001],[121.72332538800003,16.324409460000027],[121.72304900300003,16.32528567600002],[121.723436591,16.326241348],[121.72443270199994,16.326851697],[121.72498627200002,16.327754208999977],[121.72556748900001,16.328577062000022],[121.72587201199997,16.329240699000025],[121.75209760999996,16.328279969999983],[121.81658550700001,16.333642043],[121.81688523900004,16.332985925]]]]}},{"type":"Feature","properties":{"kind":"barangay","psgc":"0205704029","name":"Villa Hermosa Sur","area_sqkm":2.87,"valid_on":"2025-02-13","version":"v03","center_lonlat":[121.682254,16.35068]},"geometry":{"type":"MultiPolygon","coordinates":[[[[121.676625587,16.357280075],[121.67899193999995,16.356968028999972],[121.67931402500005,16.356914513999982],[121.68004076399995,16.356812005],[121.68051750100005,16.356673318],[121.680638853,16.356742661999988],[121.68086421999999,16.356803336999974],[121.68144714000005,16.35664298],[121.68222845000003,16.356424635999986],[121.68323562299997,16.35623166099998],[121.68654065800001,16.355586042000027],[121.68773456400004,16.355358174],[121.69470775299999,16.354160114000024],[121.695833785,16.353912177999973],[121.694897782,16.35252983999999],[121.69498918800002,16.351707099],[121.69502933800004,16.350786715000027],[121.69522667299998,16.349931595999976],[121.69548978700004,16.347366240999975],[121.695983124,16.345787561],[121.69595023500005,16.345129778],[121.69578578899996,16.344932443],[121.69580554699996,16.34458004200002],[121.69066157400005,16.34517996],[121.69037421799999,16.345269417999987],[121.69022152499997,16.345338824],[121.68988040800002,16.345410765999986],[121.686331386,16.34622894],[121.68623854600003,16.34612991],[121.686133327,16.346024691000025],[121.68596621400002,16.346037070000023],[121.68583623799998,16.346043259999988],[121.68573101899995,16.345944229999986],[121.68560723200005,16.345913283000016],[121.685495823,16.345925662000013],[121.68541536199996,16.345907093999983],[121.68535965800004,16.345826632000012],[121.68537822600001,16.345671897999978],[121.68531014300004,16.345591437],[121.68523587100003,16.34559762600003],[121.68509970499997,16.34553573300002],[121.68498829700002,16.34547383900002],[121.68472834399995,16.345455271],[121.68437555100002,16.345480028],[121.68417749100001,16.345548111000028],[121.684103219,16.345554301],[121.68394229600005,16.345715224],[121.68375042599996,16.345733791999976],[121.68370710099998,16.34582044299998],[121.68357093500003,16.345894714999986],[121.68344714800003,16.345913283000016],[121.683075787,16.345845199999985],[121.682952,16.345690466],[121.68283440200003,16.345727603],[121.68256826000004,16.345863768000015],[121.68250636599998,16.34593185099999],[121.68240733699997,16.346018502],[121.682339254,16.346123721000026],[121.68213403000004,16.346182087999978],[121.68195551400004,16.346315591],[121.68186267299996,16.34644556699999],[121.681751265,16.346631248],[121.68172031799998,16.346736467000028],[121.68171412900006,16.34684787499998],[121.68163366700003,16.346922147999976],[121.68142322899996,16.346872632999975],[121.681138519,16.346823117999975],[121.68089713400002,16.346755035],[121.68066193899995,16.346724087999974],[121.68034628199996,16.346717899],[121.679913027,16.34670552],[121.67981399799999,16.346631248],[121.67974591500001,16.346470324999984],[121.67970877899995,16.34632797],[121.67972115700002,16.346173236000027],[121.67964688500001,16.34612991],[121.679622128,16.34604944900002],[121.67965307500003,16.34595041900002],[121.67959118099998,16.345832821999977],[121.679399311,16.345727603],[121.67924457699996,16.34572141299998],[121.67914554799995,16.34575854899998],[121.67902176099994,16.345808063999982],[121.67897843499998,16.34577711700001],[121.67892273099994,16.345715224],[121.67882989099996,16.345640952],[121.678761808,16.34565333],[121.67861945300001,16.345764739],[121.67852661200004,16.345981366],[121.67850804399995,16.346173236000027],[121.67846471899998,16.34628464399998],[121.678371879,16.346377485],[121.67827903800003,16.34643318899998],[121.67819857699999,16.346526029000017],[121.678173819,16.346656005],[121.67821714499996,16.346810738999977],[121.67826047000005,16.346854065],[121.67831617399997,16.346854065],[121.678396636,16.34690358],[121.67840901500006,16.347002609000015],[121.67838425699995,16.347064503000013],[121.67822952400002,16.347151154000017],[121.67808097900001,16.347206858],[121.67788910900003,16.347169722],[121.67771580700003,16.347095449],[121.67746823300001,16.34689738999998],[121.677344446,16.346742656],[121.67720209100003,16.346507460999987],[121.67720827999995,16.34640224200001],[121.67716495499997,16.34632797],[121.67708449300005,16.346297022999977],[121.67686167700003,16.346123721000026],[121.676607913,16.345975177000014],[121.67650269399996,16.34585139],[121.676434611,16.345764739],[121.67650888399999,16.345690466],[121.67650269399996,16.345579058],[121.67645317899996,16.345461460000024],[121.67639747500004,16.345319104999987],[121.676385096,16.34519531799998],[121.67636033899998,16.345077721],[121.67624274100001,16.344879661],[121.67611276499997,16.34474968500001],[121.67603230300006,16.34463208699998],[121.67603230300006,16.344520679000027],[121.67592708400002,16.344384513000023],[121.67580948700004,16.344266915],[121.67564856399997,16.344112182],[121.67558667000003,16.344044098999973],[121.67538861100002,16.343982204999975],[121.67524006600001,16.343858418000025],[121.67519674100004,16.34381509299999],[121.67500487100006,16.34381509299999],[121.67480062200002,16.343864607],[121.67463351000004,16.344031719999975],[121.67457161599998,16.344136939],[121.674553048,16.344291672999987],[121.67442307199997,16.344464975],[121.674330231,16.344663034],[121.67421263400001,16.344706358999986],[121.67407398,16.344746493],[121.67403314199998,16.34479920000001],[121.67399600600004,16.344922987000018],[121.67397124900003,16.345003448],[121.67391542099995,16.345044196],[121.67387011799997,16.345076555],[121.67389924199995,16.34516068800002],[121.67394130800005,16.345309539000027],[121.67394130800005,16.34542279599998],[121.67401962999998,16.345630117999974],[121.674153402,16.34572868700002],[121.67432237800006,16.34578501200002],[121.67446319099997,16.345957508000026],[121.67452655700004,16.346010313000022],[121.67464624800004,16.346210971],[121.67471313399994,16.34631306099999],[121.67478706099996,16.346397548000027],[121.67486098799998,16.346464434999973],[121.67483282499995,16.346513718999972],[121.67475889800005,16.346601727],[121.67472721499996,16.346735498999976],[121.67466736999995,16.346879833],[121.67467793100002,16.346964320999973],[121.67475889800005,16.347062890000018],[121.67482578399995,16.347129775999974],[121.67490675199997,16.347179059999974],[121.67495251599996,16.347196661999988],[121.674941955,16.347256507],[121.67491027200003,16.347281150000015],[121.67479410099997,16.347319873],[121.67467440999997,16.347319873],[121.674551199,16.34731283299999],[121.67446671100004,16.347260028],[121.67438222299995,16.34727410900001],[121.674325898,16.347323394],[121.674266053,16.347372678],[121.67417804499996,16.347418442],[121.67408651599999,16.347478288],[121.67395626400003,16.34750293000002],[121.67382601199995,16.34750293000002],[121.67371336199994,16.347562776000018],[121.67359015099998,16.347636702999978],[121.673491581,16.34774231199998],[121.673378931,16.347869044],[121.67333316700001,16.347957052000027],[121.67324867900004,16.348126028000024],[121.673245985,16.348222813],[121.671820217,16.348500426999976],[121.670548811,16.348780445999978],[121.67063643899996,16.348919191],[121.67051229900005,16.34907254],[121.67041006600004,16.349284308],[121.670315136,16.349401146],[121.67009606500005,16.349444960000028],[121.66983318099994,16.34945956399997],[121.66977476199997,16.34940844800002],[121.66967252899997,16.34932082],[121.66945345900001,16.349313516999985],[121.66922708599998,16.349452262],[121.66911024800004,16.349612913999977],[121.669066434,16.349737054],[121.66905913200003,16.349963426999977],[121.66914676,16.350094868999975],[121.66918327200005,16.350233614],[121.66927090000001,16.35029933499999],[121.66935852799998,16.350416172],[121.66948996999997,16.350576823999972],[121.66955569100003,16.350759383000025],[121.66954108699997,16.350927336999973],[121.66957759900004,16.351109896000025],[121.66972364599997,16.351416594],[121.66999383200005,16.351883945],[121.67050499699997,16.352409713999975],[121.67082630000004,16.35264338899998],[121.67111839400002,16.352847855],[121.67157751599996,16.35300250900002],[121.67193625799996,16.353125343999977],[121.67203849099997,16.353212972],[121.67206769999996,16.353388229000018],[121.67200197900002,16.353599997],[121.67193625799996,16.353862881999987],[121.67192165300003,16.35411846400001],[121.67200928099999,16.35422799899999],[121.67214802599995,16.354279115999987],[121.672242956,16.354403256000012],[121.67237439899998,16.354629628],[121.67246932900002,16.354856000999973],[121.67260077100002,16.355053165000015],[121.672863656,16.355126187999986],[121.67301700500002,16.355126187999986],[121.673148448,16.355118886000014],[121.67325068100001,16.355155398000022],[121.67331640199995,16.35530874699998],[121.67337977700004,16.355412273000013],[121.67344054199998,16.355498608],[121.67355007699996,16.355498608],[121.67365230999997,16.355513213],[121.67374724000001,16.355557026999975],[121.67395900899999,16.3557834],[121.67404663699995,16.355892934999986],[121.67417807899994,16.356119308000018],[121.67428761400004,16.356367588000012],[121.67449938300001,16.356718101000013],[121.67453589399997,16.35697368299998],[121.67449208000005,16.357229265],[121.67458139400003,16.357311858],[121.67465073699998,16.357404315999986],[121.674702745,16.357531446],[121.67477208900004,16.357589232],[121.67491655499998,16.357589232],[121.676625587,16.357280075]]]]}},{"type":"Feature","properties":{"kind":"barangay","psgc":"0205704030","name":"Villa Hermosa Norte","area_sqkm":4.52,"valid_on":"2025-02-13","version":"v03","center_lonlat":[121.684458,16.364473]},"geometry":{"type":"MultiPolygon","coordinates":[[[[121.68480165899996,16.370197150000024],[121.68569821999995,16.368448893],[121.68578333899995,16.368146278999973],[121.68603527000005,16.368113418],[121.68640769000001,16.367971022],[121.68678010999997,16.367927208000026],[121.68697727300002,16.367971022],[121.68705394799997,16.368135325000026],[121.68705394799997,16.368409163000024],[121.68687869200005,16.368606327],[121.68686773800005,16.368759676000025],[121.68691155199997,16.368902072000026],[121.68703204099995,16.369055420999985],[121.687360647,16.369241631000023],[121.68745922799997,16.369384027000024],[121.68783164800004,16.369548329999986],[121.68837932500003,16.369701679],[121.68883937299995,16.369657865000022],[121.689036536,16.369449748000022],[121.689310374,16.369132095999987],[121.68941990999997,16.368902072000026],[121.68934323500002,16.368683001000022],[121.68897081499995,16.368409163000024],[121.68895986099994,16.368277721000027],[121.68895986099994,16.368047697],[121.68900367599997,16.36777385900001],[121.689178932,16.36756574200001],[121.69004426000004,16.36672232],[121.69062479700005,16.36650325],[121.69105198499994,16.366306086],[121.69142440500002,16.366284179],[121.69190635999996,16.366251319000014],[121.692914084,16.366371807],[121.69356034199996,16.36638276100001],[121.69420660000003,16.366492296],[121.69475427600003,16.366733274000012],[121.69515955700001,16.366952344000026],[121.69554292999999,16.36700711200001],[121.69599202500001,16.366809948000025],[121.69647397999995,16.366404667999973],[121.696671143,16.366360854],[121.69729549399995,16.365802224],[121.69754742500004,16.365670782],[121.69790889199999,16.365484572000014],[121.69818272999998,16.365561247000016],[121.69825940400005,16.365747457],[121.69854419599994,16.36582413100001],[121.69878517400002,16.365769364000016],[121.69886184799998,16.36551743299998],[121.69882898799995,16.36526550100001],[121.69873040599998,16.364838314],[121.69892756900003,16.36466305800002],[121.69950810600005,16.364235870000016],[121.69982575899996,16.363852496999982],[121.69982575899996,16.363512937],[121.700132457,16.363261006000016],[121.70053773799998,16.363052889000016],[121.70059250500003,16.362877632999982],[121.70065822599997,16.362625702],[121.700702041,16.362373771000023],[121.70072394800002,16.362275189],[121.70076776200005,16.362143747],[121.700559645,16.36194658300002],[121.70037343499996,16.36194658300002],[121.70019817800005,16.361848001999988],[121.700132457,16.361727513],[121.69991338700004,16.361716559],[121.69970526999998,16.361727513],[121.69937101599999,16.361784843],[121.69894481799997,16.361685396999974],[121.698802753,16.361557538],[121.69874592600002,16.36138705899998],[121.69851862099995,16.361088720999987],[121.698476002,16.360548871],[121.69863227400003,16.360108466999975],[121.69885957899999,16.359952195],[121.69914371100003,16.35972489],[121.69951308099996,16.359554410999976],[121.69993927899998,16.35941234500001],[121.70030865000001,16.359341312000026],[121.70079167300003,16.359440758],[121.70116104399995,16.35972489],[121.70137414299995,16.359937988000013],[121.70203473100003,16.360160126999972],[121.70206761999998,16.359601011],[121.70206761999998,16.358943227999987],[121.70167294999999,16.35825255499998],[121.70012715899998,16.35627920500002],[121.69920626199996,16.355785868],[121.69844981200004,16.355555644],[121.69749602599995,16.355687199999977],[121.69680535299995,16.355160974],[121.69621334800001,16.35453608],[121.695833785,16.353912177999973],[121.69470775299999,16.354160114000024],[121.68773456400004,16.355358174],[121.68654065800001,16.355586042000027],[121.68323562299997,16.35623166099998],[121.68222845000003,16.356424635999986],[121.68144714000005,16.35664298],[121.68086421999999,16.356803336999974],[121.680638853,16.356742661999988],[121.68051750100005,16.356673318],[121.68004076399995,16.356812005],[121.67931402500005,16.356914513999982],[121.67899193999995,16.356968028999972],[121.676625587,16.357280075],[121.67491655499998,16.357589232],[121.67477208900004,16.357589232],[121.674702745,16.357531446],[121.67465073699998,16.357404315999986],[121.67458139400003,16.357311858],[121.67449208000005,16.357229265],[121.67447017300003,16.357302289000017],[121.67449208000005,16.357411824],[121.67459431299994,16.35761629000001],[121.67471845299997,16.357776941],[121.67486450000001,16.357988708999983],[121.67493022099995,16.358149361000017],[121.67503245399996,16.358390338999982],[121.67503245399996,16.358638618999976],[121.67484989499997,16.35881387500001],[121.67463812699998,16.35887229399998],[121.67430221899997,16.35907676],[121.67408314900001,16.359317737000026],[121.673878683,16.35950029600002],[121.67368882200003,16.359850809000022],[121.67373263599995,16.360018763000028],[121.67390059000002,16.360077182],[121.67404663699995,16.360201322000023],[121.67428031199995,16.36034736900001],[121.67454319700005,16.360449601000028],[121.67442449999999,16.360523146],[121.67422909499999,16.360653416],[121.67416395999999,16.360808110999983],[121.67421281099996,16.361044225],[121.67435936499999,16.36115007],[121.67450591800002,16.361182637000013],[121.674685039,16.361231487999987],[121.67487230200004,16.36145131799998],[121.67487230200004,16.361695574],[121.67483159300002,16.362013107],[121.67489672800002,16.362729590000015],[121.67477459999998,16.36284357599999],[121.67467689700004,16.36297384599999],[121.67462804599995,16.363185534000024],[121.67449777700006,16.36330766200001],[121.67435936499999,16.36329952],[121.67429422999999,16.36315296700002],[121.67414767699995,16.36303898099999],[121.67409882499999,16.362998272000027],[121.67398483900001,16.363014555],[121.67389527900002,16.363063407000027],[121.67389527900002,16.363177393],[121.67384642800005,16.36337279700001],[121.673919705,16.363478640999972],[121.67391156300005,16.36363333700001],[121.67383014400002,16.363804316000028],[121.673659165,16.363885734],[121.67342305099999,16.363885734],[121.673333491,16.36377988999999],[121.67321136299995,16.36369033],[121.67296710699998,16.363714755],[121.67271470900005,16.363869451000028],[121.67274727699998,16.363983437],[121.67283683699998,16.36410556499999],[121.67269842600001,16.364276544],[121.672592581,16.364211409],[121.672527447,16.364162557999975],[121.67247045399995,16.364097422999976],[121.67238089299997,16.364032287999976],[121.67230761600001,16.364032287999976],[121.67220991399995,16.364072997],[121.67210407000005,16.364072997],[121.671981942,16.363950869],[121.67187609799998,16.363788032],[121.671786537,16.363682187999984],[121.671721402,16.363576344000023],[121.67171326100004,16.363486782999985],[121.67174582799998,16.36334023],[121.67173768600003,16.36319367599998],[121.67182724700001,16.363055265000014],[121.67185981399996,16.362916853],[121.67176211200001,16.362835433999976],[121.671721402,16.362754016],[121.67172954399996,16.362591179],[121.67196565799998,16.362444625000023],[121.67218548799997,16.362403916],[121.67244602799997,16.362403916],[121.67258444000004,16.362363206999987],[121.672722851,16.362192228000026],[121.67274727699998,16.36196425600002],[121.67266585799996,16.361760709],[121.67248673699999,16.361508311000023],[121.672266907,16.361288480999974],[121.671981942,16.361060509000026],[121.67176211200001,16.360954665],[121.67149343000006,16.360881388],[121.671371303,16.36089767200002],[121.67115961399998,16.36102794200002],[121.67099677700003,16.361036083999977],[121.67081765600005,16.360995374000026],[121.670654819,16.360922098],[121.67048383999997,16.360930239000027],[121.67032914499998,16.36102794200002],[121.670084889,16.361231487999987],[121.67001161200005,16.361321049000026],[121.66972664699995,16.361296622999987],[121.6695231,16.361280339000018],[121.66942539800004,16.361296622999987],[121.66936026300004,16.361337332],[121.66930327,16.361264055999982],[121.66932769599998,16.361166352999987],[121.66930462699997,16.361087649000012],[121.66921778100004,16.361087649000012],[121.669190641,16.361131071999978],[121.669130934,16.361245058],[121.66903323199995,16.361261341999978],[121.66891381799996,16.361272197],[121.66884325499996,16.361331904],[121.66885411099997,16.361473030000013],[121.66891924599997,16.36160872800002],[121.668930102,16.361744424999983],[121.66909293900005,16.361842127999978],[121.669190641,16.36196696899998],[121.669261204,16.361988681000014],[121.669326339,16.362102666999988],[121.669326339,16.362238365],[121.66928291600004,16.3623035],[121.66928291600004,16.362401202],[121.669320911,16.362623746],[121.66928291600004,16.362754016],[121.669196069,16.362819151],[121.67119328499996,16.36870584000002],[121.68227546599996,16.37540241],[121.68480165899996,16.370197150000024]]]]}},{"type":"Feature","properties":{"kind":"barangay","psgc":"0205704032","name":"Ysmael","area_sqkm":21.86,"valid_on":"2025-02-13","version":"v03","center_lonlat":[121.722602,16.268565]},"geometry":{"type":"MultiPolygon","coordinates":[[[[121.70251856000004,16.296102996],[121.70330113299997,16.295631151],[121.70409521500005,16.295021204000022],[121.70464761899996,16.294491817],[121.70516549900003,16.29388187],[121.705430192,16.293410025000014],[121.71858876299996,16.294467477000012],[121.71869671399998,16.294502653],[121.71877939399997,16.29443375300002],[121.71879868600001,16.29433178],[121.71876834900002,16.294262236],[121.71871703800002,16.294168167],[121.71864007299996,16.294065546000013],[121.71861441800002,16.293868856000017],[121.71868283200001,16.293783339000015],[121.71890517600002,16.293646512],[121.71913607299996,16.293620857],[121.71934131399996,16.293543891000013],[121.71951234899996,16.29345837400001],[121.71972614200001,16.293441270000017],[121.72437168800002,16.291969983],[121.746634104,16.28430838700001],[121.74850040299998,16.283843569],[121.743488029,16.245132281],[121.74343065799997,16.24461400299998],[121.74332142000003,16.24470234],[121.74338579000005,16.244874],[121.74336432999996,16.245067119999987],[121.74314976000005,16.24521732],[121.74287081,16.24543190000003],[121.74252748000004,16.24573231],[121.74237728000003,16.24583960000001],[121.74214125000003,16.24588251],[121.74192667,16.24614],[121.74169064,16.2463975],[121.74158335000004,16.246654990000025],[121.74132585999996,16.246955389999982],[121.74108981999996,16.2471056],[121.74093961999995,16.247234339999977],[121.74098253,16.24747037999998],[121.74081087000002,16.24757767],[121.74053191999997,16.24757767],[121.74033880000002,16.24736309000002],[121.73999547999995,16.247212890000014],[121.73967360999995,16.24736309000002],[121.73935174999997,16.247513289999972],[121.73892260000002,16.247599120000018],[121.73879384999998,16.24777079],[121.73872947999996,16.24800682],[121.73851490000004,16.248135569999988],[121.73823594999999,16.24828577],[121.73804283000004,16.24856472],[121.73778533999996,16.248779300000024],[121.73761367999998,16.249165530000028],[121.73744202,16.24942303],[121.73731326999996,16.24965906],[121.73701286000005,16.249916550000023],[121.73681973999999,16.2498951],[121.736691,16.250002380000012],[121.73664808,16.250195500000018],[121.73649788,16.250388620000024],[121.73628329999997,16.250495909999984],[121.73602581,16.25051737000001],[121.73578978,16.250538829999982],[121.73559666000006,16.25066757000002],[121.73525332999998,16.250710490000017],[121.73501729999998,16.25079632],[121.73486709999997,16.250925059999986],[121.73452377000001,16.25111818],[121.73428774000001,16.25126839],[121.73433064999995,16.251461510000013],[121.73430919999998,16.25163317],[121.73433064999995,16.251847740000017],[121.73443794000002,16.251955029999976],[121.73486709999997,16.25201941],[121.73499584000001,16.25216961000001],[121.73501729999998,16.252362730000016],[121.73516749999999,16.252470019999976],[121.73570395000002,16.252341269999988],[121.73583269000005,16.25244856],[121.735851368,16.252634947],[121.73579868700006,16.252880791999985],[121.73580746699997,16.253152978],[121.73562308299995,16.253346142999987],[121.73539479700003,16.253583208],[121.73505236999995,16.253767591999974],[121.73482408400002,16.25396953699999],[121.73469238099995,16.254268063999973],[121.73475384300002,16.254382206],[121.734815304,16.254636832000017],[121.734674821,16.254724634000013],[121.73452555799997,16.254715853999983],[121.73443775600003,16.254645612],[121.734244591,16.25454903000002],[121.734104108,16.254461228000025],[121.73388460299998,16.25425050299998],[121.73381436099999,16.254013438000015],[121.733533395,16.253908076000016],[121.73332267,16.253908076000016],[121.73315584600005,16.25392563600002],[121.73288365999997,16.253837834000024],[121.732751957,16.253750032000028],[121.73258513300004,16.25357442799998],[121.732251486,16.253548087000013],[121.73195295899995,16.253548087000013],[121.73177735499996,16.253407604000017],[121.73169833300005,16.253258341],[121.73139102599998,16.253144197999973],[121.73101347700003,16.253126638000026],[121.73078519199998,16.252994935],[121.73060080799996,16.25284567099999],[121.73041642400005,16.25286323199998],[121.73010911699998,16.252959814],[121.72984571100005,16.25291591299998],[121.72967010699995,16.252880791999985],[121.72949450299996,16.25287201200001],[121.72937158000002,16.25280177000002],[121.729116954,16.252951033999977],[121.72903793199998,16.253109076999976],[121.72904671200001,16.253354923000018],[121.72897647100001,16.25352174699998],[121.72885354799996,16.253609548999975],[121.72867794399997,16.253486625999983],[121.72836185699998,16.253302242000018],[121.72815991200002,16.253109076999976],[121.727940407,16.253065176],[121.72775602299998,16.253100297],[121.72756285800006,16.253214440000022],[121.72737847400003,16.25337248300002],[121.72719409000001,16.253618329],[121.726974585,16.253741252],[121.72680776100003,16.25391685599999],[121.72650045399996,16.254180261999977],[121.72618436699997,16.254294404],[121.72585949999996,16.254355866000026],[121.72566633500003,16.254478789000018],[121.72542049000003,16.25454025],[121.72506050100003,16.254513909000025],[121.72471807299996,16.254470008],[121.72448978800003,16.254399767],[121.72433174499997,16.254373425999972],[121.72416492100001,16.254522689999988],[121.72398931700002,16.254663172999983],[121.723840053,16.25482121700003],[121.72357664699996,16.254961700000024],[121.71900188200004,16.25513299],[121.71886722099998,16.25554538900002],[121.717911189,16.255831473],[121.71742004600003,16.255975927],[121.71691445700003,16.255874810000023],[121.71691445700003,16.255513674999975],[121.71687112100005,16.255138095],[121.71674111200002,16.25479140599998],[121.71665443999996,16.254560278999975],[121.71624996900005,16.254358044000014],[121.71593217099996,16.254430271],[121.715556591,16.25428581699998],[121.71533991000001,16.254242481],[121.71503655699996,16.254242481],[121.71457430400005,16.25398246399999],[121.71424205999995,16.253881346000014],[121.71399648900001,16.253736892],[121.71390981699994,16.25357799300002],[121.71359201799999,16.25353465699999],[121.71317310200004,16.25353465699999],[121.71297086599998,16.253433539000014],[121.71271084900002,16.253332422000028],[121.71250861399994,16.253245748999973],[121.71236416,16.25336131199998],[121.711974135,16.253375758],[121.711641891,16.253231304],[121.71138187400004,16.253144631],[121.71103518400002,16.252927951],[121.71060182300005,16.252451253],[121.71039958699998,16.25220568100002],[121.71029847,16.251830101],[121.71019735200002,16.25136784900002],[121.71006734399998,16.251064496000026],[121.70972065399997,16.250761142999977],[121.70944619199997,16.25048668],[121.70912839300001,16.250428898999985],[121.70892615800005,16.250385563],[121.70876725899996,16.250241109],[121.70888282199996,16.249995537000018],[121.70899838499997,16.249749966000024],[121.70896949400003,16.249533284999984],[121.70892615800005,16.249287713],[121.70876725899996,16.249157705000016],[121.70849279599997,16.249215486000026],[121.70824722500004,16.249273268000024],[121.70798720799996,16.249258822],[121.70764051900005,16.249186595000026],[121.70723604800003,16.249186595000026],[121.70690380400004,16.249432167],[121.70681713099998,16.249764411],[121.70664378699996,16.249952200999985],[121.706325988,16.250226662999978],[121.705935963,16.250313335999977],[121.70532925700002,16.250400007999986],[121.70515494100005,16.25081986700002],[121.70489434900003,16.251080458],[121.70466441500002,16.251049801000022],[121.70437316599998,16.250727892999976],[121.70407250799997,16.250313335999977],[121.70374026399998,16.250342225999987],[121.70348024700002,16.25044334400002],[121.70323467499998,16.250501126000017],[121.702859095,16.250457789],[121.70252685100002,16.250371116999986],[121.70207904400002,16.250371116999986],[121.70153012000003,16.250457789],[121.70086563200005,16.250631134],[121.700504497,16.250905596],[121.70036004300005,16.25115116799998],[121.69997001800004,16.251642311000012],[121.69997001800004,16.252003446],[121.69998446299996,16.252407917000028],[121.69989779100001,16.252783497],[121.69952221100004,16.253014623000013],[121.698886614,16.25350576599999],[121.698265462,16.253794674],[121.69758652899998,16.25431470799998],[121.69715316700001,16.254603616],[121.69710983100003,16.254820296],[121.697210949,16.255094758999974],[121.70015493400001,16.281217196],[121.701885597,16.296321655999975],[121.70251856000004,16.296102996]]]]}},{"type":"Feature","properties":{"kind":"barangay","psgc":"0205704034","name":"Villa Agullana","area_sqkm":17.52,"valid_on":"2025-02-13","version":"v03","center_lonlat":[121.73832,16.354082]},"geometry":{"type":"MultiPolygon","coordinates":[[[[121.74814562300003,16.36088558],[121.74958277099995,16.359680141000013],[121.767486663,16.348434985999972],[121.75209760999996,16.328279969999983],[121.72587201199997,16.329240699000025],[121.72567854600004,16.329851383],[121.72501481200004,16.330594944999973],[121.72435091199998,16.330807524000022],[121.72346561100005,16.330754674],[121.72227596599998,16.330595707999976],[121.72136289699995,16.330171173],[121.72078175599995,16.329560703000027],[121.72009012499996,16.329534336],[121.719315617,16.329932772],[121.71785047599997,16.330405800999984],[121.71735167700001,16.331021780000015],[121.71713052799998,16.331685563],[121.71679860799998,16.331951138000022],[121.71596864900005,16.33203099399998],[121.71461299700002,16.332031328000028],[121.713102897,16.331951781999976],[121.71953931999997,16.342066182999986],[121.71732819299996,16.360390350999978],[121.71857798099995,16.361705917999984],[121.72018955099998,16.363876603],[121.72268912699997,16.366409068999985],[121.72403758300004,16.367823303000023],[121.72456380999995,16.36831663999999],[121.72522159300001,16.368481085999974],[121.72597804400004,16.36828375099998],[121.72689894099994,16.36723129799998],[121.72768828100004,16.36614595499998],[121.72844473099997,16.365685507000023],[121.72953007399997,16.365685507000023],[121.730746973,16.365718395999977],[121.73170075899998,16.365981509],[121.73209542899997,16.36660640399998],[121.73255587699998,16.367066852],[121.733706998,16.36723129799998],[121.73452922700005,16.367297076],[121.73545012399995,16.367001073999973],[121.73643679899999,16.367001073999973],[121.73755502999995,16.367461521999985],[121.73850881600004,16.36841530800001],[121.74127150599998,16.369928209000022],[121.74814562300003,16.36088558]]]]}},{"type":"Feature","properties":{"kind":"barangay","psgc":"0205704036","name":"Poblacion Sur","area_sqkm":0.68,"valid_on":"2025-02-13","version":"v03","center_lonlat":[121.685992,16.339094]},"geometry":{"type":"MultiPolygon","coordinates":[[[[121.67642350899996,16.341528219],[121.67659833100004,16.341528219],[121.67711519399995,16.341497815000025],[121.67748003899999,16.341399003],[121.67880260200002,16.341094966000014],[121.67979832399999,16.340897342],[121.68115205900006,16.340697501000022],[121.68121851199999,16.34097817999998],[121.681275143,16.341020652999987],[121.68134593100001,16.34105958599997],[121.681448574,16.341063126],[121.68220782000003,16.34088214000002],[121.68254226199997,16.340790928],[121.68326434999994,16.340578102],[121.68403952999995,16.34039797600002],[121.684700927,16.34023606],[121.684959359,16.340167652],[121.68584866799995,16.339954826],[121.68736125400005,16.339498769999977],[121.69620727999995,16.339967950000016],[121.69641068299995,16.338190164000025],[121.697002688,16.336743040999977],[121.69129370300004,16.336933837],[121.690815779,16.337007880999977],[121.68971857400004,16.337226649],[121.688412697,16.33751946199999],[121.68816871000001,16.337571293],[121.68796842999996,16.337617066],[121.68688719800002,16.33787031700001],[121.68539532199998,16.338229722999984],[121.68449341500002,16.33843316100001],[121.68386275800003,16.338602692],[121.68380172699995,16.338365348000025],[121.683724708,16.337510040999973],[121.68364225899995,16.337013551999974],[121.682931972,16.337157714],[121.68223496999997,16.337294133],[121.68140320199996,16.337480243000016],[121.68137086399997,16.33748866000002],[121.68061955799999,16.337681583],[121.68052450599998,16.337746219],[121.68034580699998,16.337651166],[121.68014959899995,16.337606189999974],[121.68010031699998,16.337606047],[121.67996559599999,16.337616947000015],[121.67973329200004,16.337717103999978],[121.67790678899996,16.337970784999982],[121.67703862999997,16.338145680000025],[121.67595511299999,16.338331934999985],[121.67562592000002,16.338418331000014],[121.67595931699998,16.340135739],[121.67619124299995,16.341594628],[121.67642350899996,16.341528219]]]]}},{"type":"Feature","properties":{"kind":"barangay","psgc":"0205704037","name":"Villa Jose V Ylanan","area_sqkm":33.9,"valid_on":"2025-02-13","version":"v03","center_lonlat":[121.780873,16.357669]},"geometry":{"type":"MultiPolygon","coordinates":[[[[121.77076653100005,16.383132224],[121.77154972799997,16.383035952],[121.79140918799999,16.380575248000014],[121.791863691,16.379837502999976],[121.79214693200004,16.37925126],[121.79244993400005,16.378895562000025],[121.79281880600001,16.378717713000015],[121.79320085300003,16.378711125999985],[121.79352361600002,16.378875801],[121.79380685700005,16.379060236999976],[121.79416914199999,16.379264434],[121.79427453400001,16.37946204399998],[121.794373339,16.379547675000026],[121.79470268900002,16.379574022999975],[121.79500569100003,16.379435695999973],[121.79549312999995,16.37900754100002],[121.79590811100002,16.378539864],[121.79646141900002,16.377756009999985],[121.79686981299994,16.377189527999974],[121.79731773000003,16.376655981],[121.79756803600003,16.37623441300002],[121.79773271099998,16.375714039],[121.79795008200006,16.375108034999982],[121.79804230000002,16.374785272],[121.79819380100002,16.374495444],[121.79848362899997,16.37419902900001],[121.79903693699998,16.373942135999982],[121.79999864000001,16.37375111199998],[121.80152023799997,16.373467871],[121.80218552500003,16.373204391],[121.80279152900005,16.373039716],[121.80317357499996,16.372815758],[121.80340412099997,16.372618148000015],[121.80364125300002,16.372394190000023],[121.80393108099997,16.37225586300002],[121.80410892999998,16.37226245],[121.804339475,16.372097774999986],[121.80457660699994,16.371755251000025],[121.80455684599997,16.371524705000013],[121.804468832,16.371213376000014],[121.804411932,16.371043854],[121.80431971400003,16.370661808000023],[121.80411551700001,16.370101912999985],[121.80401671200002,16.369877955],[121.80386521100002,16.36950908199998],[121.80368077499998,16.369094100999973],[121.80358855700001,16.368777925000018],[121.80358855700001,16.368659359],[121.803759819,16.368323422],[121.80399036400001,16.367980897999985],[121.804161626,16.36757250300002],[121.80458319399997,16.36713776099998],[121.80541315599999,16.366643736000015],[121.80650001200001,16.366169472000024],[121.807171886,16.365965275],[121.80779765199998,16.36584670899998],[121.808278503,16.36584670899998],[121.80870007099998,16.365655686000025],[121.80907552999997,16.365398792],[121.80962883899997,16.365049681000016],[121.81000429799997,16.364713744000028],[121.81005699399998,16.36427900199999],[121.81007016800004,16.363613714999985],[121.80990549299997,16.36254661999999],[121.80966836100004,16.361479525999982],[121.80941805400005,16.360873520999974],[121.80925996600001,16.36042560499999],[121.80913700899998,16.359714054],[121.80889927099997,16.358398568999974],[121.80886757200005,16.356924591],[121.80874077800001,16.356258923999974],[121.80851888899997,16.35575174799999],[121.808217754,16.355086081000024],[121.80810680900004,16.354531357999974],[121.808645683,16.353691348999973],[121.80932719999998,16.35321587300001],[121.80973928000003,16.352645301],[121.81002456600004,16.351947935],[121.80992947000004,16.351393212],[121.80961718699996,16.350104225],[121.80975171600005,16.349594032000027],[121.80979639700001,16.34895572900001],[121.81016916299996,16.348369470000023],[121.81048741400002,16.34789693800002],[121.81084928500002,16.347073017000014],[121.81113992200005,16.346399433999977],[121.81148503099996,16.345585890999985],[121.81182126800002,16.344947217000026],[121.812221743,16.344640696],[121.812567575,16.344351728999982],[121.81268279899996,16.344050829000025],[121.81272758,16.343491211000014],[121.81277229900002,16.342887881000024],[121.81284429200002,16.342240802],[121.81286176200001,16.341698711],[121.81271563300004,16.341445349000026],[121.81218660900004,16.341026356999976],[121.81181270299999,16.340773282999976],[121.81161176399996,16.340415071],[121.81148390600003,16.340196655],[121.81129250000004,16.340144439000028],[121.81116481200002,16.34004842600001],[121.81135571000004,16.339733431000013],[121.811828978,16.339365617],[121.81226576400002,16.338971617000027],[121.81267027900003,16.33867411],[121.812961395,16.338358987],[121.81321612700003,16.338087625000014],[121.813370588,16.33778141800002],[121.81337021000002,16.33751037899998],[121.81360660799999,16.337160348],[121.81386177299999,16.33665645399998],[121.81417982599999,16.336061515999972],[121.81450725699995,16.335658911999985],[121.81508455000005,16.335305334],[121.81554855599995,16.334841354],[121.81615828300005,16.334342040000024],[121.81658550700001,16.333642043],[121.75209760999996,16.328279969999983],[121.767486663,16.348434985999972],[121.74958277099995,16.359680141000013],[121.74814562300003,16.36088558],[121.74127150599998,16.369928209000022],[121.74238973800004,16.371013552000022],[121.742883075,16.372000227],[121.742883075,16.372559342999978],[121.74271863000001,16.373348683000017],[121.74215951400004,16.374302468999986],[121.74196217899998,16.37617715099998],[121.74199506800005,16.37739405000002],[121.74248840500002,16.37982784899998],[121.743047521,16.381373639],[121.74383686099998,16.385090115000025],[121.74397107799996,16.386405416],[121.77076653100005,16.383132224]]]]}},{"type":"Feature","properties":{"kind":"barangay","psgc":"0205704038","name":"Jose Ancheta","area_sqkm":85.62,"valid_on":"2025-02-13","version":"v03","center_lonlat":[121.573955,16.314634]},"geometry":{"type":"MultiPolygon","coordinates":[[[[121.56417131,16.347527500000012],[121.56419276999998,16.34742022],[121.56414986000004,16.34727000999999],[121.56408548000002,16.34714127],[121.56393528000001,16.34701252000002],[121.56389235999995,16.34699106],[121.56384945000002,16.34690523],[121.56387091,16.346797939999988],[121.56393528000001,16.346690650000028],[121.56402111,16.34662628000001],[121.56410693999999,16.34651899],[121.56414986000004,16.34643316],[121.56414986000004,16.346261500000026],[121.56402111,16.34615421],[121.56399965000003,16.34608984],[121.56389235999995,16.34596109],[121.56374215999995,16.34585381],[121.56372069999998,16.34572506],[121.56376362000003,16.34548903000001],[121.56380652999997,16.345317360000024],[121.56369925000001,16.34529591],[121.56359196000005,16.34514569999999],[121.56344175000004,16.34505987],[121.56318425999996,16.344888210000022],[121.56264782000005,16.34478092],[121.56254052999998,16.344759459999977],[121.56239032999997,16.344716549999987],[121.562047,16.344652180000026],[121.56196117000002,16.34467362999999],[121.56187534000003,16.34454489],[121.56168221999997,16.344330309999975],[121.56144618999997,16.344244479999986],[121.56138181999995,16.34415865],[121.56131744000004,16.34396553],[121.56127453,16.343858239999975],[121.56127453,16.343750950000015],[121.5611887,16.34364367],[121.56112431999998,16.34353637999999],[121.56103848999999,16.34340763],[121.56101704000002,16.343150139999977],[121.56103848999999,16.34297848],[121.56103848999999,16.34289265000001],[121.56101704000002,16.34269953],[121.56099558000005,16.342570780000017],[121.56093121000004,16.34244203999998],[121.56090974999995,16.342248919999975],[121.56095266,16.34218454],[121.56103848999999,16.34207726],[121.56138181999995,16.341669560000014],[121.56159638999998,16.34145497999998],[121.56166077,16.34134769000002],[121.56191825999997,16.34113312],[121.56226158000004,16.340682510000022],[121.56258345000003,16.34033918],[121.56311989000005,16.340017320000015],[121.56320572000004,16.33995295],[121.592068467,16.340792057999977],[121.61070840000002,16.33987620800002],[121.61197322299995,16.339784370000018],[121.61262202299997,16.339881],[121.61323996700003,16.340214789000015],[121.613115827,16.340594511],[121.613196153,16.341018048000024],[121.61325457199996,16.341229816],[121.61338601399996,16.34130283899998],[121.61344443300004,16.341375863],[121.613634294,16.341463491000013],[121.61386796900001,16.341507305],[121.61388987600003,16.34160223600003],[121.613977504,16.341726376],[121.61410164400002,16.341748283000015],[121.61443025000005,16.34174098],[121.614598204,16.341748283000015],[121.61473694899996,16.341770189999977],[121.61508015899994,16.341784793999977],[121.61567164999997,16.341960051],[121.61604406900005,16.34214261],[121.61622662800005,16.342252144999975],[121.616628257,16.342295959000012],[121.61706639800002,16.342368981999982],[121.61743881799998,16.342368981999982],[121.61770170299997,16.342259447],[121.61791347099995,16.342215633000023],[121.61804491299995,16.342135306999978],[121.61819096,16.342120702999978],[121.61853417099996,16.342186423999976],[121.61887738099995,16.342208331],[121.61911105599995,16.34233247100002],[121.61929361499995,16.342442006],[121.61948347600003,16.342602657999976],[121.61960031399997,16.34274870500002],[121.61987050100004,16.342989682],[121.620191804,16.343216055000028],[121.620374363,16.34347894000001],[121.620425479,16.343785637999986],[121.62036706100002,16.343960895],[121.620374363,16.344041221],[121.62052771200001,16.344201871999985],[121.62057882900001,16.344318709999982],[121.62064454999995,16.34445015199998],[121.620790597,16.344515872999978],[121.620995063,16.344523176],[121.62128715699998,16.344574292],[121.62163036699997,16.34453778],[121.62220725300006,16.34443554799998],[121.62242632300001,16.34432601200001],[121.62265269600005,16.34431140800001],[121.62306162799996,16.34423108200002],[121.623288001,16.344201871999985],[121.62369693200003,16.34403391799998],[121.62436144599997,16.343814848000022],[121.62501865800004,16.34355196299998],[121.62574158999996,16.34323796199999],[121.626223546,16.342953169999987],[121.626384197,16.34279982100003],[121.62651563999998,16.342617261999976],[121.62652294199995,16.342434704000027],[121.626617872,16.341908934],[121.62671280300003,16.341448886000023],[121.62677852399997,16.341324746],[121.62692457100002,16.341229816],[121.62712903700003,16.341171396999982],[121.62756717800005,16.341018048000024],[121.62809294700003,16.340842791],[121.62884508900004,16.340652929999976],[121.62915178799994,16.340587208999978],[121.629816302,16.340587208999978],[121.63020332600001,16.340740558],[121.63038588500001,16.340959629],[121.630466211,16.341105675999984],[121.63060495599996,16.341339350999988],[121.63100658500002,16.341543817],[121.63137170200002,16.341733678000026],[121.63162728500004,16.341828609],[121.63195588999997,16.341865120000023],[121.63219686800005,16.341960051],[121.63243784600002,16.342098796000016],[121.63262040400002,16.34198195800002],[121.63270073000001,16.341872422999984],[121.63286138199999,16.341777492],[121.632883289,16.34156572400002],[121.632963615,16.341434282000023],[121.63326301100005,16.341156792],[121.63370115199996,16.34052148799998],[121.63407357200003,16.340141765999988],[121.63422692100005,16.33995190500002],[121.63443868900004,16.339871578999976],[121.634628551,16.339856973999986],[121.63489143499999,16.340068742000028],[121.634993668,16.340273207999985],[121.634993668,16.34044846400002],[121.634913342,16.340682140000013],[121.63494255199998,16.34102535],[121.634913342,16.341368559999978],[121.63484762099995,16.341558422],[121.63477459800004,16.341762887000016],[121.63474538800006,16.342062284],[121.63471617899995,16.342303260999984],[121.63477459800004,16.342522331999987],[121.63492064499997,16.342624565],[121.63529306400005,16.342865542000027],[121.63559976299996,16.34312842700001],[121.63584074100004,16.34332559],[121.63611822999997,16.343537358],[121.636344603,16.34365419599999],[121.63670972,16.343676103],[121.637125954,16.34356656800003],[121.63741804799997,16.343405916],[121.63757139799998,16.343281776000026],[121.63783428199997,16.343033495999975],[121.63812637599995,16.342843635],[121.63838195899996,16.34283633299998],[121.63862293600005,16.342975078],[121.63882009999998,16.343121124999982],[121.63910171099997,16.338347519000024],[121.63725560900002,16.3241784],[121.63457367599995,16.30583459500002],[121.63663818099997,16.28271136799998],[121.62316942799998,16.283866193],[121.61843463100001,16.284235973000023],[121.61789348900004,16.28482670300002],[121.61724393600002,16.285512342],[121.61535210900001,16.285672111999986],[121.61410443,16.285512342],[121.60788915800003,16.284690782999974],[121.60584067399998,16.283094561999974],[121.60266508200004,16.281759369999975],[121.60143814800006,16.281218076000016],[121.59844298799999,16.280785040000012],[121.595989121,16.280821127000024],[121.59386003099996,16.280821127000024],[121.54104691600003,16.284706183000026],[121.52298837700005,16.285947495000016],[121.49910407899995,16.287791595999977],[121.50107912800001,16.290807095],[121.50161006899998,16.291667475999986],[121.50253147599994,16.294117405],[121.50375844799999,16.297801511999978],[121.50524615100005,16.30196542599998],[121.50614580599995,16.303762888999984],[121.50852851499997,16.305915947000017],[121.51065925700004,16.30908195799998],[121.51088423800002,16.312609516],[121.51135969100005,16.314461188],[121.51270171299996,16.314791764],[121.51334561199997,16.315176404],[121.51515699599997,16.31623565199999],[121.517544177,16.317837952],[121.520345797,16.319933161999984],[121.52233868999997,16.320920186000023],[121.52314370500005,16.322605894],[121.52339550700003,16.323980732],[121.52439399699995,16.32676892500001],[121.52462527800003,16.32745679200002],[121.52500892299997,16.32871908499999],[121.52600923800003,16.32991702100003],[121.525751711,16.330823884999973],[121.52608100199996,16.332168548000027],[121.52633833300001,16.332808355],[121.52654369100003,16.333839303],[121.52680971999996,16.335953275],[121.52759339299996,16.338927598999987],[121.52834402300005,16.34005988299998],[121.52843767000002,16.34150723800002],[121.52938525000002,16.34407320600002],[121.52942240200002,16.344720607],[121.52937572200005,16.345337869],[121.52935091200004,16.34567122200002],[121.529525649,16.346198225000023],[121.52959259900001,16.346458478999978],[121.52945723200003,16.346875489000013],[121.52930007299994,16.347161991],[121.52893944799996,16.347366361000013],[121.52865837499996,16.34764285],[121.52833676600005,16.347940431999973],[121.52798204700002,16.348291761999974],[121.56417131,16.347527500000012]]]]}},{"type":"Feature","properties":{"kind":"barangay","psgc":"0205704039","name":"Santa Maria","area_sqkm":8.23,"valid_on":"2025-02-13","version":"v03","center_lonlat":[121.66922,16.379002]},"geometry":{"type":"MultiPolygon","coordinates":[[[[121.66419462500005,16.397676445],[121.68211134399996,16.394164105000016],[121.67907577300002,16.382590670000013],[121.68227546599996,16.37540241],[121.67119328499996,16.36870584000002],[121.669196069,16.362819151],[121.66909293900005,16.362824579],[121.66902237600004,16.362802867000028],[121.66896809699995,16.362650885999983],[121.66882154400002,16.362433769],[121.66858271599995,16.362363206999987],[121.66846872999997,16.36228178800002],[121.66837645500004,16.362184086000013],[121.66833845999997,16.362059244000022],[121.66830046500002,16.361999536999974],[121.66823533000002,16.361988681000014],[121.66818105100003,16.361934401999974],[121.66814848299998,16.361852983],[121.66814305499997,16.361749853],[121.668099632,16.361668435000013],[121.66801821299998,16.361587015999987],[121.66789337199998,16.361592444],[121.66776310199998,16.361652150999987],[121.66766540000003,16.361744424999983],[121.66767082700005,16.361869266999975],[121.66767082700005,16.361972396999988],[121.66767082700005,16.362037531999988],[121.66762740399997,16.362156946000027],[121.66756769699998,16.362260075999984],[121.66746999500003,16.362254649000022],[121.66730715799997,16.362156946000027],[121.66718231599998,16.362048388],[121.66711718099998,16.361983253],[121.66701947900003,16.361961542000017],[121.66685121399996,16.361907262999978],[121.66672094399996,16.361804131999975],[121.66669923200004,16.361663007],[121.66673722799999,16.36150017],[121.66679693499998,16.361331904],[121.66697062799994,16.361234202],[121.666997767,16.361152784000012],[121.66695434400003,16.361000801999978],[121.66691634799997,16.360903099999973],[121.66680779,16.360837964999973],[121.66660152999998,16.360582852999983],[121.666487544,16.360496007],[121.66631927900005,16.360354880999978],[121.666286711,16.360257178999973],[121.66628128299999,16.360067201999982],[121.66625957199994,16.359947788],[121.66611844600004,16.359643826000024],[121.66606416699994,16.359404998],[121.66600988799996,16.359263871999985],[121.66595018099997,16.35917159799999],[121.66587961799996,16.359117319],[121.66578191600001,16.359079323],[121.66561907899995,16.359117319],[121.66547252500004,16.3592693],[121.66550509299998,16.359339863],[121.66550509299998,16.359426709],[121.665450814,16.359600402000012],[121.66535311099994,16.35968182099998],[121.66527712100003,16.359708959999978],[121.66515227900004,16.359708959999978],[121.66503829299995,16.359638398000016],[121.66492973499999,16.359437565],[121.66489716700005,16.359394141999985],[121.66478860899997,16.359394141999985],[121.66466376699998,16.359307295],[121.66457149300004,16.359242161],[121.66432180899994,16.35914988600001],[121.66403413,16.35908475100001],[121.66381158599995,16.359063040000024],[121.66365960500002,16.35910646299999],[121.66347505600004,16.35921502100001],[121.66332850200001,16.35939957],[121.66321451600004,16.359404998],[121.66277485600006,16.35948641599998],[121.66255774000001,16.359556979],[121.66246546499997,16.359491844],[121.66224292100003,16.359491844],[121.66209093999998,16.359567835],[121.66185211200002,16.359714387999986],[121.661580717,16.35987722599998],[121.66128761000004,16.360159477000025],[121.66116276800005,16.360192043999973],[121.66097821899996,16.36039287699998],[121.66038657700005,16.360778257999982],[121.66021831199998,16.360821681],[121.660098898,16.360854249],[121.65996320099998,16.360848821],[121.65978408,16.360837964999973],[121.65970266099998,16.360837964999973],[121.65967009400003,16.360892244000013],[121.65962124199996,16.360957379000013],[121.65962124199996,16.361060509000026],[121.65976236799997,16.361250486000017],[121.65984921400002,16.361321049000026],[121.65995777299997,16.361331904],[121.66008261399998,16.361418750999974],[121.66019659999995,16.36151645299998],[121.66027801899997,16.361549020999973],[121.66035401,16.361532737],[121.66040286099997,16.36145131799998],[121.66050599100004,16.361440463],[121.660614549,16.361424178999982],[121.66072853499998,16.361424178999982],[121.66079366999998,16.361483885999974],[121.66102164200004,16.361635867000018],[121.66111934499997,16.361722714],[121.66116276800005,16.361776992999978],[121.66113562800001,16.361880123],[121.66108134900003,16.361945258],[121.66101621400003,16.362118951000014],[121.660945652,16.362167801999988],[121.66066882799998,16.36255318299999],[121.66058740999995,16.362716020999983],[121.66051684700005,16.36287342999998],[121.660424573,16.362965703999976],[121.660294303,16.363025411000024],[121.66014774899998,16.363025411000024],[121.66005004700003,16.362971131999984],[121.65992520500004,16.362998272000027],[121.65982750299997,16.363085118000015],[121.659718945,16.3632371],[121.65975151199996,16.363432504],[121.65988178199996,16.363600769000016],[121.659901978,16.36372641600002],[121.65993452199996,16.363810100000023],[121.659920575,16.363917029999982],[121.65988338199998,16.36399606499998],[121.65975785600006,16.364033258],[121.65973007900004,16.364139835],[121.65965401000005,16.364315745],[121.65957794099995,16.36452018099999],[121.65952920899997,16.36472224],[121.65953634000005,16.365000367999983],[121.65955773500002,16.365228576],[121.65962905000004,16.365399732000014],[121.65967896999996,16.365606545],[121.65970749600001,16.36579909599999],[121.65971462799996,16.36602730300001],[121.65974315400001,16.366198458999975],[121.659764548,16.36645519299998],[121.65979307400005,16.366640612000026],[121.65979307400005,16.366747584],[121.65981446900003,16.36699718699998],[121.65977881100002,16.36726818300002],[121.65977167999995,16.367382287],[121.65985725799999,16.367667547],[121.65982873200005,16.367995596000014],[121.65977881100002,16.36815248900001],[121.65965044400002,16.368323643999986],[121.65960052399998,16.368416353999976],[121.659579129,16.368537589000027],[121.65959339200003,16.368808586],[121.659579129,16.369015398999977],[121.65955060299996,16.369314922],[121.65958626099996,16.369364843000028],[121.65959339200003,16.36945042000002],[121.65959339200003,16.369614445000025],[121.65962905000004,16.36973568000002],[121.65968610200002,16.369799864000015],[121.65977881100002,16.369899705000023],[121.65978594299997,16.369949625],[121.65974315400001,16.370042334],[121.65961478700001,16.370184963999975],[121.65952920899997,16.370270542000014],[121.65937231600003,16.37034898899998],[121.65930100100002,16.370455961],[121.65918689700004,16.37075548399997],[121.65904426700001,16.371019349],[121.65890876900005,16.371097796000015],[121.65876613900002,16.371204767999984],[121.65870908700003,16.37132600299998],[121.65866629799996,16.37146150199999],[121.65857358899996,16.371661184],[121.65842382699998,16.371853734000013],[121.658345381,16.372010627],[121.65835251199996,16.372174651000023],[121.65846661600006,16.372310148999986],[121.65855932600005,16.372488437000015],[121.658623509,16.372588278000023],[121.65867343000002,16.372816485999977],[121.65872334999995,16.373144534],[121.65876146699998,16.373269479999976],[121.65873096999997,16.373459905],[121.65551234099996,16.393557284999986],[121.662988036,16.39816946000002],[121.66419462500005,16.397676445]]]]}}]}